"title":"Hard Bump","category":"Pothole","timestamp":1510250029000,"geoLocation":"77.66357,12.99923","imageUrl":"no oper", "userName":"myname", "status":"reported"
"title":"Hard Bump","category":"Pothole","timestamp":1510250029001,"geoLocation":"77.66359,12.9988","imageUrl":"no oper", "userName":"myname", "status":"reported"
"title":"Hard Bump","category":"Pothole","timestamp":1510250029002,"geoLocation":"77.6636,12.99871","imageUrl":"no oper", "userName":"myname", "status":"reported"
"title":"Hard Bump","category":"Pothole","timestamp":1510250029003,"geoLocation":"77.6636,12.99865","imageUrl":"no oper", "userName":"myname", "status":"reported"
"title":"Hard Bump","category":"Pothole","timestamp":1510250029004,"geoLocation":"77.6636,12.99859","imageUrl":"no oper", "userName":"myname", "status":"reported"
"title":"Hard Bump","category":"Pothole","timestamp":1510250029005,"geoLocation":"77.66361,12.99854","imageUrl":"no oper", "userName":"myname", "status":"reported"
"title":"Hard Bump","category":"Pothole","timestamp":1510250029006,"geoLocation":"77.66361,12.99852","imageUrl":"no oper", "userName":"myname", "status":"reported"
"title":"Hard Bump","category":"Pothole","timestamp":1510250029007,"geoLocation":"77.66362,12.99846","imageUrl":"no oper", "userName":"myname", "status":"reported"
"title":"Hard Bump","category":"Pothole","timestamp":1510250029008,"geoLocation":"77.66364,12.9984","imageUrl":"no oper", "userName":"myname", "status":"reported"
"title":"Hard Bump","category":"Pothole","timestamp":1510250029009,"geoLocation":"77.66365,12.99837","imageUrl":"no oper", "userName":"myname", "status":"reported"
"title":"Hard Bump","category":"Pothole","timestamp":1510250029010,"geoLocation":"77.66365,12.99835","imageUrl":"no oper", "userName":"myname", "status":"reported"
"title":"Hard Bump","category":"Pothole","timestamp":1510250029011,"geoLocation":"77.66366,12.99834","imageUrl":"no oper", "userName":"myname", "status":"reported"
"title":"Hard Bump","category":"Pothole","timestamp":1510250029012,"geoLocation":"77.66367,12.9983","imageUrl":"no oper", "userName":"myname", "status":"reported"
"title":"Hard Bump","category":"Pothole","timestamp":1510250029013,"geoLocation":"77.66369,12.99825","imageUrl":"no oper", "userName":"myname", "status":"reported"
"title":"Hard Bump","category":"Pothole","timestamp":1510250029014,"geoLocation":"77.66371,12.9982","imageUrl":"no oper", "userName":"myname", "status":"reported"
"title":"Hard Bump","category":"Pothole","timestamp":1510250029015,"geoLocation":"77.66373,12.99816","imageUrl":"no oper", "userName":"myname", "status":"reported"
"title":"Hard Bump","category":"Pothole","timestamp":1510250029016,"geoLocation":"77.66376,12.9981","imageUrl":"no oper", "userName":"myname", "status":"reported"
"title":"Hard Bump","category":"Pothole","timestamp":1510250029017,"geoLocation":"77.6638,12.99804","imageUrl":"no oper", "userName":"myname", "status":"reported"
"title":"Hard Bump","category":"Pothole","timestamp":1510250029018,"geoLocation":"77.66411,12.99754","imageUrl":"no oper", "userName":"myname", "status":"reported"
"title":"Hard Bump","category":"Pothole","timestamp":1510250029019,"geoLocation":"77.66427,12.99727","imageUrl":"no oper", "userName":"myname", "status":"reported"
"title":"Hard Bump","category":"Pothole","timestamp":1510250029020,"geoLocation":"77.66429,12.99725","imageUrl":"no oper", "userName":"myname", "status":"reported"
"title":"Hard Bump","category":"Pothole","timestamp":1510250029021,"geoLocation":"77.66448,12.99691","imageUrl":"no oper", "userName":"myname", "status":"reported"
"title":"Hard Bump","category":"Pothole","timestamp":1510250029022,"geoLocation":"77.66461,12.99668","imageUrl":"no oper", "userName":"myname", "status":"reported"
"title":"Hard Bump","category":"Pothole","timestamp":1510250029023,"geoLocation":"77.665,12.99606","imageUrl":"no oper", "userName":"myname", "status":"reported"
"title":"Hard Bump","category":"Pothole","timestamp":1510250029024,"geoLocation":"77.66512,12.99593","imageUrl":"no oper", "userName":"myname", "status":"reported"
"title":"Hard Bump","category":"Pothole","timestamp":1510250029025,"geoLocation":"77.66517,12.99587","imageUrl":"no oper", "userName":"myname", "status":"reported"
"title":"Hard Bump","category":"Pothole","timestamp":1510250029026,"geoLocation":"77.66524,12.99582","imageUrl":"no oper", "userName":"myname", "status":"reported"
"title":"Hard Bump","category":"Pothole","timestamp":1510250029027,"geoLocation":"77.66538,12.99575","imageUrl":"no oper", "userName":"myname", "status":"reported"
"title":"Hard Bump","category":"Pothole","timestamp":1510250029028,"geoLocation":"77.66551,12.99569","imageUrl":"no oper", "userName":"myname", "status":"reported"
"title":"Hard Bump","category":"Pothole","timestamp":1510250029029,"geoLocation":"77.66564,12.99567","imageUrl":"no oper", "userName":"myname", "status":"reported"
"title":"Hard Bump","category":"Pothole","timestamp":1510250029030,"geoLocation":"77.66578,12.99566","imageUrl":"no oper", "userName":"myname", "status":"reported"
"title":"Hard Bump","category":"Pothole","timestamp":1510250029031,"geoLocation":"77.6659,12.99567","imageUrl":"no oper", "userName":"myname", "status":"reported"
"title":"Hard Bump","category":"Pothole","timestamp":1510250029032,"geoLocation":"77.66607,12.9957","imageUrl":"no oper", "userName":"myname", "status":"reported"
"title":"Hard Bump","category":"Pothole","timestamp":1510250029033,"geoLocation":"77.66621,12.99576","imageUrl":"no oper", "userName":"myname", "status":"reported"
"title":"Hard Bump","category":"Pothole","timestamp":1510250029034,"geoLocation":"77.66651,12.99587","imageUrl":"no oper", "userName":"myname", "status":"reported"
"title":"Hard Bump","category":"Pothole","timestamp":1510250029035,"geoLocation":"77.66695,12.99603","imageUrl":"no oper", "userName":"myname", "status":"reported"
"title":"Hard Bump","category":"Pothole","timestamp":1510250029036,"geoLocation":"77.66731,12.99618","imageUrl":"no oper", "userName":"myname", "status":"reported"
"title":"Hard Bump","category":"Pothole","timestamp":1510250029037,"geoLocation":"77.66742,12.99622","imageUrl":"no oper", "userName":"myname", "status":"reported"
"title":"Hard Bump","category":"Pothole","timestamp":1510250029038,"geoLocation":"77.66749,12.99623","imageUrl":"no oper", "userName":"myname", "status":"reported"
"title":"Hard Bump","category":"Pothole","timestamp":1510250029039,"geoLocation":"77.66755,12.99623","imageUrl":"no oper", "userName":"myname", "status":"reported"
"title":"Hard Bump","category":"Pothole","timestamp":1510250029040,"geoLocation":"77.66775,12.99624","imageUrl":"no oper", "userName":"myname", "status":"reported"
"title":"Hard Bump","category":"Pothole","timestamp":1510250029041,"geoLocation":"77.66903,12.99683","imageUrl":"no oper", "userName":"myname", "status":"reported"
"title":"Hard Bump","category":"Pothole","timestamp":1510250029042,"geoLocation":"77.66947,12.99702","imageUrl":"no oper", "userName":"myname", "status":"reported"
"title":"Hard Bump","category":"Pothole","timestamp":1510250029043,"geoLocation":"77.66955,12.99714","imageUrl":"no oper", "userName":"myname", "status":"reported"
"title":"Hard Bump","category":"Pothole","timestamp":1510250029044,"geoLocation":"77.66962,12.9972","imageUrl":"no oper", "userName":"myname", "status":"reported"
"title":"Hard Bump","category":"Pothole","timestamp":1510250029045,"geoLocation":"77.66969,12.99725","imageUrl":"no oper", "userName":"myname", "status":"reported"
"title":"Hard Bump","category":"Pothole","timestamp":1510250029046,"geoLocation":"77.6699,12.99734","imageUrl":"no oper", "userName":"myname", "status":"reported"
"title":"Hard Bump","category":"Pothole","timestamp":1510250029047,"geoLocation":"77.67014,12.99745","imageUrl":"no oper", "userName":"myname", "status":"reported"
"title":"Hard Bump","category":"Pothole","timestamp":1510250029048,"geoLocation":"77.67162,12.99815","imageUrl":"no oper", "userName":"myname", "status":"reported"
"title":"Hard Bump","category":"Pothole","timestamp":1510250029049,"geoLocation":"77.67212,12.99839","imageUrl":"no oper", "userName":"myname", "status":"reported"
"title":"Hard Bump","category":"Pothole","timestamp":1510250029050,"geoLocation":"77.67375,12.99918","imageUrl":"no oper", "userName":"myname", "status":"reported"
"title":"Hard Bump","category":"Pothole","timestamp":1510250029051,"geoLocation":"77.67415,12.99937","imageUrl":"no oper", "userName":"myname", "status":"reported"
"title":"Hard Bump","category":"Pothole","timestamp":1510250029052,"geoLocation":"77.67448,12.99953","imageUrl":"no oper", "userName":"myname", "status":"reported"
"title":"Hard Bump","category":"Pothole","timestamp":1510250029053,"geoLocation":"77.67506,12.99979","imageUrl":"no oper", "userName":"myname", "status":"reported"
"title":"Hard Bump","category":"Pothole","timestamp":1510250029054,"geoLocation":"77.67546,12.99996","imageUrl":"no oper", "userName":"myname", "status":"reported"
"title":"Hard Bump","category":"Pothole","timestamp":1510250029055,"geoLocation":"77.67559,13.00002","imageUrl":"no oper", "userName":"myname", "status":"reported"
"title":"Hard Bump","category":"Pothole","timestamp":1510250029056,"geoLocation":"77.67616,13.00028","imageUrl":"no oper", "userName":"myname", "status":"reported"
"title":"Hard Bump","category":"Pothole","timestamp":1510250029057,"geoLocation":"77.67624,13.00031","imageUrl":"no oper", "userName":"myname", "status":"reported"
"title":"Hard Bump","category":"Pothole","timestamp":1510250029058,"geoLocation":"77.6763,13.00032","imageUrl":"no oper", "userName":"myname", "status":"reported"
"title":"Hard Bump","category":"Pothole","timestamp":1510250029059,"geoLocation":"77.67635,13.00034","imageUrl":"no oper", "userName":"myname", "status":"reported"
"title":"Hard Bump","category":"Pothole","timestamp":1510250029060,"geoLocation":"77.67639,13.00034","imageUrl":"no oper", "userName":"myname", "status":"reported"
"title":"Hard Bump","category":"Pothole","timestamp":1510250029061,"geoLocation":"77.67644,13.00035","imageUrl":"no oper", "userName":"myname", "status":"reported"
"title":"Hard Bump","category":"Pothole","timestamp":1510250029062,"geoLocation":"77.67658,13.00035","imageUrl":"no oper", "userName":"myname", "status":"reported"
"title":"Hard Bump","category":"Pothole","timestamp":1510250029063,"geoLocation":"77.67662,13.00035","imageUrl":"no oper", "userName":"myname", "status":"reported"
"title":"Hard Bump","category":"Pothole","timestamp":1510250029064,"geoLocation":"77.67664,13.00035","imageUrl":"no oper", "userName":"myname", "status":"reported"
"title":"Hard Bump","category":"Pothole","timestamp":1510250029065,"geoLocation":"77.67687,13.00036","imageUrl":"no oper", "userName":"myname", "status":"reported"
"title":"Hard Bump","category":"Pothole","timestamp":1510250029066,"geoLocation":"77.67689,13.00036","imageUrl":"no oper", "userName":"myname", "status":"reported"
"title":"Hard Bump","category":"Pothole","timestamp":1510250029067,"geoLocation":"77.67713,13.00037","imageUrl":"no oper", "userName":"myname", "status":"reported"
"title":"Hard Bump","category":"Pothole","timestamp":1510250029068,"geoLocation":"77.67809,13.00031","imageUrl":"no oper", "userName":"myname", "status":"reported"
"title":"Hard Bump","category":"Pothole","timestamp":1510250029069,"geoLocation":"77.67829,13.00032","imageUrl":"no oper", "userName":"myname", "status":"reported"
"title":"Hard Bump","category":"Pothole","timestamp":1510250029070,"geoLocation":"77.67857,13.00034","imageUrl":"no oper", "userName":"myname", "status":"reported"
"title":"Hard Bump","category":"Pothole","timestamp":1510250029071,"geoLocation":"77.67892,13.00037","imageUrl":"no oper", "userName":"myname", "status":"reported"
"title":"Hard Bump","category":"Pothole","timestamp":1510250029072,"geoLocation":"77.67928,13.00037","imageUrl":"no oper", "userName":"myname", "status":"reported"
"title":"Hard Bump","category":"Pothole","timestamp":1510250029073,"geoLocation":"77.67938,13.00043","imageUrl":"no oper", "userName":"myname", "status":"reported"
"title":"Hard Bump","category":"Pothole","timestamp":1510250029074,"geoLocation":"77.67948,13.00046","imageUrl":"no oper", "userName":"myname", "status":"reported"
"title":"Hard Bump","category":"Pothole","timestamp":1510250029075,"geoLocation":"77.67967,13.00049","imageUrl":"no oper", "userName":"myname", "status":"reported"
"title":"Hard Bump","category":"Pothole","timestamp":1510250029076,"geoLocation":"77.67993,13.00052","imageUrl":"no oper", "userName":"myname", "status":"reported"
"title":"Hard Bump","category":"Pothole","timestamp":1510250029077,"geoLocation":"77.68011,13.00053","imageUrl":"no oper", "userName":"myname", "status":"reported"
"title":"Hard Bump","category":"Pothole","timestamp":1510250029078,"geoLocation":"77.68034,13.00052","imageUrl":"no oper", "userName":"myname", "status":"reported"
"title":"Hard Bump","category":"Pothole","timestamp":1510250029079,"geoLocation":"77.68058,13.00052","imageUrl":"no oper", "userName":"myname", "status":"reported"
"title":"Hard Bump","category":"Pothole","timestamp":1510250029080,"geoLocation":"77.68074,13.0005","imageUrl":"no oper", "userName":"myname", "status":"reported"
"title":"Hard Bump","category":"Pothole","timestamp":1510250029081,"geoLocation":"77.68097,13.00047","imageUrl":"no oper", "userName":"myname", "status":"reported"
"title":"Hard Bump","category":"Pothole","timestamp":1510250029082,"geoLocation":"77.68121,13.00044","imageUrl":"no oper", "userName":"myname", "status":"reported"
"title":"Hard Bump","category":"Pothole","timestamp":1510250029083,"geoLocation":"77.68132,13.00042","imageUrl":"no oper", "userName":"myname", "status":"reported"
"title":"Hard Bump","category":"Pothole","timestamp":1510250029084,"geoLocation":"77.68155,13.0004","imageUrl":"no oper", "userName":"myname", "status":"reported"
"title":"Hard Bump","category":"Pothole","timestamp":1510250029085,"geoLocation":"77.68225,13.00036","imageUrl":"no oper", "userName":"myname", "status":"reported"
"title":"Hard Bump","category":"Pothole","timestamp":1510250029086,"geoLocation":"77.68356,13.00036","imageUrl":"no oper", "userName":"myname", "status":"reported"
"title":"Hard Bump","category":"Pothole","timestamp":1510250029087,"geoLocation":"77.68424,13.00034","imageUrl":"no oper", "userName":"myname", "status":"reported"
"title":"Hard Bump","category":"Pothole","timestamp":1510250029088,"geoLocation":"77.68473,13.00032","imageUrl":"no oper", "userName":"myname", "status":"reported"
"title":"Hard Bump","category":"Pothole","timestamp":1510250029089,"geoLocation":"77.68523,13.00028","imageUrl":"no oper", "userName":"myname", "status":"reported"
"title":"Hard Bump","category":"Pothole","timestamp":1510250029090,"geoLocation":"77.68567,13.00026","imageUrl":"no oper", "userName":"myname", "status":"reported"
"title":"Hard Bump","category":"Pothole","timestamp":1510250029091,"geoLocation":"77.68591,13.00025","imageUrl":"no oper", "userName":"myname", "status":"reported"
"title":"Hard Bump","category":"Pothole","timestamp":1510250029092,"geoLocation":"77.68623,13.00021","imageUrl":"no oper", "userName":"myname", "status":"reported"
"title":"Hard Bump","category":"Pothole","timestamp":1510250029093,"geoLocation":"77.68646,13.00017","imageUrl":"no oper", "userName":"myname", "status":"reported"
"title":"Hard Bump","category":"Pothole","timestamp":1510250029094,"geoLocation":"77.68661,13.00012","imageUrl":"no oper", "userName":"myname", "status":"reported"
"title":"Hard Bump","category":"Pothole","timestamp":1510250029095,"geoLocation":"77.68673,13.00007","imageUrl":"no oper", "userName":"myname", "status":"reported"
"title":"Hard Bump","category":"Pothole","timestamp":1510250029096,"geoLocation":"77.68711,12.99984","imageUrl":"no oper", "userName":"myname", "status":"reported"
"title":"Hard Bump","category":"Pothole","timestamp":1510250029097,"geoLocation":"77.6875,12.99959","imageUrl":"no oper", "userName":"myname", "status":"reported"
"title":"Hard Bump","category":"Pothole","timestamp":1510250029098,"geoLocation":"77.6877,12.99943","imageUrl":"no oper", "userName":"myname", "status":"reported"
"title":"Hard Bump","category":"Pothole","timestamp":1510250029099,"geoLocation":"77.68791,12.99923","imageUrl":"no oper", "userName":"myname", "status":"reported"
"title":"Hard Bump","category":"Pothole","timestamp":1510250029100,"geoLocation":"77.68816,12.99895","imageUrl":"no oper", "userName":"myname", "status":"reported"
"title":"Hard Bump","category":"Pothole","timestamp":1510250029101,"geoLocation":"77.68852,12.99856","imageUrl":"no oper", "userName":"myname", "status":"reported"
"title":"Hard Bump","category":"Pothole","timestamp":1510250029102,"geoLocation":"77.68856,12.99852","imageUrl":"no oper", "userName":"myname", "status":"reported"
"title":"Hard Bump","category":"Pothole","timestamp":1510250029103,"geoLocation":"77.68864,12.99844","imageUrl":"no oper", "userName":"myname", "status":"reported"
"title":"Hard Bump","category":"Pothole","timestamp":1510250029104,"geoLocation":"77.68876,12.99832","imageUrl":"no oper", "userName":"myname", "status":"reported"
"title":"Hard Bump","category":"Pothole","timestamp":1510250029105,"geoLocation":"77.68887,12.99823","imageUrl":"no oper", "userName":"myname", "status":"reported"
"title":"Hard Bump","category":"Pothole","timestamp":1510250029106,"geoLocation":"77.68894,12.99818","imageUrl":"no oper", "userName":"myname", "status":"reported"
"title":"Hard Bump","category":"Pothole","timestamp":1510250029107,"geoLocation":"77.68937,12.99797","imageUrl":"no oper", "userName":"myname", "status":"reported"
"title":"Hard Bump","category":"Pothole","timestamp":1510250029108,"geoLocation":"77.69005,12.99762","imageUrl":"no oper", "userName":"myname", "status":"reported"
"title":"Hard Bump","category":"Pothole","timestamp":1510250029109,"geoLocation":"77.69036,12.99747","imageUrl":"no oper", "userName":"myname", "status":"reported"
"title":"Hard Bump","category":"Pothole","timestamp":1510250029110,"geoLocation":"77.69069,12.99731","imageUrl":"no oper", "userName":"myname", "status":"reported"
"title":"Hard Bump","category":"Pothole","timestamp":1510250029111,"geoLocation":"77.69094,12.99719","imageUrl":"no oper", "userName":"myname", "status":"reported"
"title":"Hard Bump","category":"Pothole","timestamp":1510250029112,"geoLocation":"77.69138,12.99701","imageUrl":"no oper", "userName":"myname", "status":"reported"
"title":"Hard Bump","category":"Pothole","timestamp":1510250029113,"geoLocation":"77.69214,12.99675","imageUrl":"no oper", "userName":"myname", "status":"reported"
"title":"Hard Bump","category":"Pothole","timestamp":1510250029114,"geoLocation":"77.69261,12.99659","imageUrl":"no oper", "userName":"myname", "status":"reported"
"title":"Hard Bump","category":"Pothole","timestamp":1510250029115,"geoLocation":"77.6938,12.99622","imageUrl":"no oper", "userName":"myname", "status":"reported"
"title":"Hard Bump","category":"Pothole","timestamp":1510250029116,"geoLocation":"77.69411,12.99612","imageUrl":"no oper", "userName":"myname", "status":"reported"
"title":"Hard Bump","category":"Pothole","timestamp":1510250029117,"geoLocation":"77.69468,12.99587","imageUrl":"no oper", "userName":"myname", "status":"reported"
"title":"Hard Bump","category":"Pothole","timestamp":1510250029118,"geoLocation":"77.69497,12.99574","imageUrl":"no oper", "userName":"myname", "status":"reported"
"title":"Hard Bump","category":"Pothole","timestamp":1510250029119,"geoLocation":"77.69517,12.99566","imageUrl":"no oper", "userName":"myname", "status":"reported"
"title":"Hard Bump","category":"Pothole","timestamp":1510250029120,"geoLocation":"77.69537,12.99558","imageUrl":"no oper", "userName":"myname", "status":"reported"
"title":"Hard Bump","category":"Pothole","timestamp":1510250029121,"geoLocation":"77.69555,12.99552","imageUrl":"no oper", "userName":"myname", "status":"reported"
"title":"Hard Bump","category":"Pothole","timestamp":1510250029122,"geoLocation":"77.69584,12.99545","imageUrl":"no oper", "userName":"myname", "status":"reported"
"title":"Hard Bump","category":"Pothole","timestamp":1510250029123,"geoLocation":"77.69587,12.99544","imageUrl":"no oper", "userName":"myname", "status":"reported"
"title":"Hard Bump","category":"Pothole","timestamp":1510250029124,"geoLocation":"77.69604,12.99541","imageUrl":"no oper", "userName":"myname", "status":"reported"
"title":"Hard Bump","category":"Pothole","timestamp":1510250029125,"geoLocation":"77.69616,12.99539","imageUrl":"no oper", "userName":"myname", "status":"reported"
"title":"Hard Bump","category":"Pothole","timestamp":1510250029126,"geoLocation":"77.69632,12.99537","imageUrl":"no oper", "userName":"myname", "status":"reported"
"title":"Hard Bump","category":"Pothole","timestamp":1510250029127,"geoLocation":"77.69684,12.99529","imageUrl":"no oper", "userName":"myname", "status":"reported"
"title":"Hard Bump","category":"Pothole","timestamp":1510250029128,"geoLocation":"77.69719,12.99524","imageUrl":"no oper", "userName":"myname", "status":"reported"
"title":"Hard Bump","category":"Pothole","timestamp":1510250029129,"geoLocation":"77.69779,12.9951","imageUrl":"no oper", "userName":"myname", "status":"reported"
"title":"Hard Bump","category":"Pothole","timestamp":1510250029130,"geoLocation":"77.69802,12.99504","imageUrl":"no oper", "userName":"myname", "status":"reported"
"title":"Hard Bump","category":"Pothole","timestamp":1510250029131,"geoLocation":"77.69905,12.99469","imageUrl":"no oper", "userName":"myname", "status":"reported"
"title":"Hard Bump","category":"Pothole","timestamp":1510250029132,"geoLocation":"77.69911,12.99467","imageUrl":"no oper", "userName":"myname", "status":"reported"
"title":"Hard Bump","category":"Pothole","timestamp":1510250029133,"geoLocation":"77.70124,12.99413","imageUrl":"no oper", "userName":"myname", "status":"reported"
"title":"Hard Bump","category":"Pothole","timestamp":1510250029134,"geoLocation":"77.70147,12.99405","imageUrl":"no oper", "userName":"myname", "status":"reported"
"title":"Hard Bump","category":"Pothole","timestamp":1510250029135,"geoLocation":"77.70171,12.99399","imageUrl":"no oper", "userName":"myname", "status":"reported"
"title":"Hard Bump","category":"Pothole","timestamp":1510250029136,"geoLocation":"77.70198,12.99392","imageUrl":"no oper", "userName":"myname", "status":"reported"
"title":"Hard Bump","category":"Pothole","timestamp":1510250029137,"geoLocation":"77.70206,12.99391","imageUrl":"no oper", "userName":"myname", "status":"reported"
"title":"Hard Bump","category":"Pothole","timestamp":1510250029138,"geoLocation":"77.70266,12.99375","imageUrl":"no oper", "userName":"myname", "status":"reported"
"title":"Hard Bump","category":"Pothole","timestamp":1510250029139,"geoLocation":"77.70338,12.99359","imageUrl":"no oper", "userName":"myname", "status":"reported"
"title":"Hard Bump","category":"Pothole","timestamp":1510250029140,"geoLocation":"77.7039,12.99344","imageUrl":"no oper", "userName":"myname", "status":"reported"
"title":"Hard Bump","category":"Pothole","timestamp":1510250029141,"geoLocation":"77.70445,12.99327","imageUrl":"no oper", "userName":"myname", "status":"reported"
"title":"Hard Bump","category":"Pothole","timestamp":1510250029142,"geoLocation":"77.70472,12.99319","imageUrl":"no oper", "userName":"myname", "status":"reported"
"title":"Hard Bump","category":"Pothole","timestamp":1510250029143,"geoLocation":"77.70494,12.99313","imageUrl":"no oper", "userName":"myname", "status":"reported"
"title":"Hard Bump","category":"Pothole","timestamp":1510250029144,"geoLocation":"77.70514,12.99309","imageUrl":"no oper", "userName":"myname", "status":"reported"
"title":"Hard Bump","category":"Pothole","timestamp":1510250029145,"geoLocation":"77.7054,12.99306","imageUrl":"no oper", "userName":"myname", "status":"reported"
"title":"Hard Bump","category":"Pothole","timestamp":1510250029146,"geoLocation":"77.70578,12.99303","imageUrl":"no oper", "userName":"myname", "status":"reported"
"title":"Hard Bump","category":"Pothole","timestamp":1510250029147,"geoLocation":"77.70587,12.99303","imageUrl":"no oper", "userName":"myname", "status":"reported"
"title":"Hard Bump","category":"Pothole","timestamp":1510250029148,"geoLocation":"77.70638,12.993","imageUrl":"no oper", "userName":"myname", "status":"reported"
"title":"Hard Bump","category":"Pothole","timestamp":1510250029149,"geoLocation":"77.70666,12.99299","imageUrl":"no oper", "userName":"myname", "status":"reported"
"title":"Hard Bump","category":"Pothole","timestamp":1510250029150,"geoLocation":"77.70692,12.99298","imageUrl":"no oper", "userName":"myname", "status":"reported"
"title":"Hard Bump","category":"Pothole","timestamp":1510250029151,"geoLocation":"77.70732,12.99296","imageUrl":"no oper", "userName":"myname", "status":"reported"
"title":"Hard Bump","category":"Pothole","timestamp":1510250029152,"geoLocation":"77.70747,12.99295","imageUrl":"no oper", "userName":"myname", "status":"reported"
"title":"Hard Bump","category":"Pothole","timestamp":1510250029153,"geoLocation":"77.70764,12.99294","imageUrl":"no oper", "userName":"myname", "status":"reported"
"title":"Hard Bump","category":"Pothole","timestamp":1510250029154,"geoLocation":"77.70852,12.99292","imageUrl":"no oper", "userName":"myname", "status":"reported"
"title":"Hard Bump","category":"Pothole","timestamp":1510250029155,"geoLocation":"77.70859,12.99291","imageUrl":"no oper", "userName":"myname", "status":"reported"
"title":"Hard Bump","category":"Pothole","timestamp":1510250029156,"geoLocation":"77.70897,12.99291","imageUrl":"no oper", "userName":"myname", "status":"reported"
"title":"Hard Bump","category":"Pothole","timestamp":1510250029157,"geoLocation":"77.70912,12.9929","imageUrl":"no oper", "userName":"myname", "status":"reported"
"title":"Hard Bump","category":"Pothole","timestamp":1510250029158,"geoLocation":"77.70962,12.99289","imageUrl":"no oper", "userName":"myname", "status":"reported"
"title":"Hard Bump","category":"Pothole","timestamp":1510250029159,"geoLocation":"77.7099,12.99289","imageUrl":"no oper", "userName":"myname", "status":"reported"
"title":"Hard Bump","category":"Pothole","timestamp":1510250029160,"geoLocation":"77.71041,12.99286","imageUrl":"no oper", "userName":"myname", "status":"reported"
"title":"Hard Bump","category":"Pothole","timestamp":1510250029161,"geoLocation":"77.71075,12.99283","imageUrl":"no oper", "userName":"myname", "status":"reported"
"title":"Hard Bump","category":"Pothole","timestamp":1510250029162,"geoLocation":"77.71106,12.99278","imageUrl":"no oper", "userName":"myname", "status":"reported"
"title":"Hard Bump","category":"Pothole","timestamp":1510250029163,"geoLocation":"77.71217,12.99251","imageUrl":"no oper", "userName":"myname", "status":"reported"
"title":"Hard Bump","category":"Pothole","timestamp":1510250029164,"geoLocation":"77.71294,12.99224","imageUrl":"no oper", "userName":"myname", "status":"reported"
"title":"Hard Bump","category":"Pothole","timestamp":1510250029165,"geoLocation":"77.71349,12.99204","imageUrl":"no oper", "userName":"myname", "status":"reported"
"title":"Hard Bump","category":"Pothole","timestamp":1510250029166,"geoLocation":"77.71363,12.99199","imageUrl":"no oper", "userName":"myname", "status":"reported"
"title":"Hard Bump","category":"Pothole","timestamp":1510250029167,"geoLocation":"77.71365,12.99198","imageUrl":"no oper", "userName":"myname", "status":"reported"
"title":"Hard Bump","category":"Pothole","timestamp":1510250029168,"geoLocation":"77.71399,12.99187","imageUrl":"no oper", "userName":"myname", "status":"reported"
"title":"Hard Bump","category":"Pothole","timestamp":1510250029169,"geoLocation":"77.71412,12.99184","imageUrl":"no oper", "userName":"myname", "status":"reported"
"title":"Hard Bump","category":"Pothole","timestamp":1510250029170,"geoLocation":"77.71421,12.99184","imageUrl":"no oper", "userName":"myname", "status":"reported"
"title":"Hard Bump","category":"Pothole","timestamp":1510250029171,"geoLocation":"77.71436,12.99184","imageUrl":"no oper", "userName":"myname", "status":"reported"
"title":"Hard Bump","category":"Pothole","timestamp":1510250029172,"geoLocation":"77.71461,12.99188","imageUrl":"no oper", "userName":"myname", "status":"reported"
"title":"Hard Bump","category":"Pothole","timestamp":1510250029173,"geoLocation":"77.71502,12.99197","imageUrl":"no oper", "userName":"myname", "status":"reported"
"title":"Hard Bump","category":"Pothole","timestamp":1510250029174,"geoLocation":"77.71587,12.99218","imageUrl":"no oper", "userName":"myname", "status":"reported"
"title":"Hard Bump","category":"Pothole","timestamp":1510250029175,"geoLocation":"77.71604,12.99224","imageUrl":"no oper", "userName":"myname", "status":"reported"
"title":"Hard Bump","category":"Pothole","timestamp":1510250029176,"geoLocation":"77.7162,12.99229","imageUrl":"no oper", "userName":"myname", "status":"reported"
"title":"Hard Bump","category":"Pothole","timestamp":1510250029177,"geoLocation":"77.71629,12.99229","imageUrl":"no oper", "userName":"myname", "status":"reported"
"title":"Hard Bump","category":"Pothole","timestamp":1510250029178,"geoLocation":"77.71653,12.99228","imageUrl":"no oper", "userName":"myname", "status":"reported"
"title":"Hard Bump","category":"Pothole","timestamp":1510250029179,"geoLocation":"77.71764,12.99224","imageUrl":"no oper", "userName":"myname", "status":"reported"
"title":"Hard Bump","category":"Pothole","timestamp":1510250029180,"geoLocation":"77.71778,12.99223","imageUrl":"no oper", "userName":"myname", "status":"reported"
"title":"Hard Bump","category":"Pothole","timestamp":1510250029181,"geoLocation":"77.71822,12.99223","imageUrl":"no oper", "userName":"myname", "status":"reported"
"title":"Hard Bump","category":"Pothole","timestamp":1510250029182,"geoLocation":"77.7185,12.99223","imageUrl":"no oper", "userName":"myname", "status":"reported"
"title":"Hard Bump","category":"Pothole","timestamp":1510250029183,"geoLocation":"77.71881,12.99225","imageUrl":"no oper", "userName":"myname", "status":"reported"
"title":"Hard Bump","category":"Pothole","timestamp":1510250029184,"geoLocation":"77.71919,12.99224","imageUrl":"no oper", "userName":"myname", "status":"reported"
"title":"Hard Bump","category":"Pothole","timestamp":1510250029185,"geoLocation":"77.7193,12.99223","imageUrl":"no oper", "userName":"myname", "status":"reported"
"title":"Hard Bump","category":"Pothole","timestamp":1510250029186,"geoLocation":"77.71944,12.99221","imageUrl":"no oper", "userName":"myname", "status":"reported"
"title":"Hard Bump","category":"Pothole","timestamp":1510250029187,"geoLocation":"77.71952,12.9922","imageUrl":"no oper", "userName":"myname", "status":"reported"
"title":"Hard Bump","category":"Pothole","timestamp":1510250029188,"geoLocation":"77.7196,12.99217","imageUrl":"no oper", "userName":"myname", "status":"reported"
"title":"Hard Bump","category":"Pothole","timestamp":1510250029189,"geoLocation":"77.71969,12.99213","imageUrl":"no oper", "userName":"myname", "status":"reported"
"title":"Hard Bump","category":"Pothole","timestamp":1510250029190,"geoLocation":"77.72013,12.9919","imageUrl":"no oper", "userName":"myname", "status":"reported"
"title":"Hard Bump","category":"Pothole","timestamp":1510250029191,"geoLocation":"77.72072,12.99155","imageUrl":"no oper", "userName":"myname", "status":"reported"
"title":"Hard Bump","category":"Pothole","timestamp":1510250029192,"geoLocation":"77.72106,12.99134","imageUrl":"no oper", "userName":"myname", "status":"reported"
"title":"Hard Bump","category":"Pothole","timestamp":1510250029193,"geoLocation":"77.7212,12.99125","imageUrl":"no oper", "userName":"myname", "status":"reported"
"title":"Hard Bump","category":"Pothole","timestamp":1510250029194,"geoLocation":"77.72182,12.99091","imageUrl":"no oper", "userName":"myname", "status":"reported"
"title":"Hard Bump","category":"Pothole","timestamp":1510250029195,"geoLocation":"77.72192,12.99087","imageUrl":"no oper", "userName":"myname", "status":"reported"
"title":"Hard Bump","category":"Pothole","timestamp":1510250029196,"geoLocation":"77.72206,12.99082","imageUrl":"no oper", "userName":"myname", "status":"reported"
"title":"Hard Bump","category":"Pothole","timestamp":1510250029197,"geoLocation":"77.7222,12.99078","imageUrl":"no oper", "userName":"myname", "status":"reported"
"title":"Hard Bump","category":"Pothole","timestamp":1510250029198,"geoLocation":"77.72242,12.99072","imageUrl":"no oper", "userName":"myname", "status":"reported"
"title":"Hard Bump","category":"Pothole","timestamp":1510250029199,"geoLocation":"77.72267,12.99065","imageUrl":"no oper", "userName":"myname", "status":"reported"
"title":"Hard Bump","category":"Pothole","timestamp":1510250029200,"geoLocation":"77.72285,12.9906","imageUrl":"no oper", "userName":"myname", "status":"reported"
"title":"Hard Bump","category":"Pothole","timestamp":1510250029201,"geoLocation":"77.72302,12.99055","imageUrl":"no oper", "userName":"myname", "status":"reported"
"title":"Hard Bump","category":"Pothole","timestamp":1510250029202,"geoLocation":"77.72346,12.99043","imageUrl":"no oper", "userName":"myname", "status":"reported"
"title":"Hard Bump","category":"Pothole","timestamp":1510250029203,"geoLocation":"77.72404,12.99026","imageUrl":"no oper", "userName":"myname", "status":"reported"
"title":"Hard Bump","category":"Pothole","timestamp":1510250029204,"geoLocation":"77.72405,12.99026","imageUrl":"no oper", "userName":"myname", "status":"reported"
"title":"Hard Bump","category":"Pothole","timestamp":1510250029205,"geoLocation":"77.72476,12.99005","imageUrl":"no oper", "userName":"myname", "status":"reported"
"title":"Hard Bump","category":"Pothole","timestamp":1510250029206,"geoLocation":"77.72496,12.98997","imageUrl":"no oper", "userName":"myname", "status":"reported"
"title":"Hard Bump","category":"Pothole","timestamp":1510250029207,"geoLocation":"77.72499,12.98995","imageUrl":"no oper", "userName":"myname", "status":"reported"
"title":"Hard Bump","category":"Pothole","timestamp":1510250029208,"geoLocation":"77.72524,12.98984","imageUrl":"no oper", "userName":"myname", "status":"reported"
"title":"Hard Bump","category":"Pothole","timestamp":1510250029209,"geoLocation":"77.72541,12.98974","imageUrl":"no oper", "userName":"myname", "status":"reported"
"title":"Hard Bump","category":"Pothole","timestamp":1510250029210,"geoLocation":"77.72563,12.98959","imageUrl":"no oper", "userName":"myname", "status":"reported"
"title":"Hard Bump","category":"Pothole","timestamp":1510250029211,"geoLocation":"77.72598,12.98938","imageUrl":"no oper", "userName":"myname", "status":"reported"
"title":"Hard Bump","category":"Pothole","timestamp":1510250029212,"geoLocation":"77.7261,12.98932","imageUrl":"no oper", "userName":"myname", "status":"reported"
"title":"Hard Bump","category":"Pothole","timestamp":1510250029213,"geoLocation":"77.72622,12.98928","imageUrl":"no oper", "userName":"myname", "status":"reported"
"title":"Hard Bump","category":"Pothole","timestamp":1510250029214,"geoLocation":"77.72656,12.98919","imageUrl":"no oper", "userName":"myname", "status":"reported"
"title":"Hard Bump","category":"Pothole","timestamp":1510250029215,"geoLocation":"77.72678,12.98914","imageUrl":"no oper", "userName":"myname", "status":"reported"
"title":"Hard Bump","category":"Pothole","timestamp":1510250029216,"geoLocation":"77.72682,12.98913","imageUrl":"no oper", "userName":"myname", "status":"reported"
"title":"Hard Bump","category":"Pothole","timestamp":1510250029217,"geoLocation":"77.72719,12.98905","imageUrl":"no oper", "userName":"myname", "status":"reported"
"title":"Hard Bump","category":"Pothole","timestamp":1510250029218,"geoLocation":"77.72779,12.98892","imageUrl":"no oper", "userName":"myname", "status":"reported"
"title":"Hard Bump","category":"Pothole","timestamp":1510250029219,"geoLocation":"77.72864,12.98874","imageUrl":"no oper", "userName":"myname", "status":"reported"
"title":"Hard Bump","category":"Pothole","timestamp":1510250029220,"geoLocation":"77.72879,12.98871","imageUrl":"no oper", "userName":"myname", "status":"reported"
"title":"Hard Bump","category":"Pothole","timestamp":1510250029221,"geoLocation":"77.72918,12.98864","imageUrl":"no oper", "userName":"myname", "status":"reported"
"title":"Hard Bump","category":"Pothole","timestamp":1510250029222,"geoLocation":"77.72999,12.98849","imageUrl":"no oper", "userName":"myname", "status":"reported"
"title":"Hard Bump","category":"Pothole","timestamp":1510250029223,"geoLocation":"77.73043,12.9884","imageUrl":"no oper", "userName":"myname", "status":"reported"
"title":"Hard Bump","category":"Pothole","timestamp":1510250029224,"geoLocation":"77.73138,12.98828","imageUrl":"no oper", "userName":"myname", "status":"reported"
"title":"Hard Bump","category":"Pothole","timestamp":1510250029225,"geoLocation":"77.73149,12.98826","imageUrl":"no oper", "userName":"myname", "status":"reported"
"title":"Hard Bump","category":"Pothole","timestamp":1510250029226,"geoLocation":"77.73169,12.98824","imageUrl":"no oper", "userName":"myname", "status":"reported"
"title":"Hard Bump","category":"Pothole","timestamp":1510250029227,"geoLocation":"77.73178,12.98822","imageUrl":"no oper", "userName":"myname", "status":"reported"
"title":"Hard Bump","category":"Pothole","timestamp":1510250029228,"geoLocation":"77.73312,12.98801","imageUrl":"no oper", "userName":"myname", "status":"reported"
"title":"Hard Bump","category":"Pothole","timestamp":1510250029229,"geoLocation":"77.73368,12.98792","imageUrl":"no oper", "userName":"myname", "status":"reported"
"title":"Hard Bump","category":"Pothole","timestamp":1510250029230,"geoLocation":"77.73374,12.98791","imageUrl":"no oper", "userName":"myname", "status":"reported"
"title":"Hard Bump","category":"Pothole","timestamp":1510250029231,"geoLocation":"77.73438,12.98781","imageUrl":"no oper", "userName":"myname", "status":"reported"
"title":"Hard Bump","category":"Pothole","timestamp":1510250029232,"geoLocation":"77.73479,12.98776","imageUrl":"no oper", "userName":"myname", "status":"reported"
"title":"Hard Bump","category":"Pothole","timestamp":1510250029233,"geoLocation":"77.73531,12.98769","imageUrl":"no oper", "userName":"myname", "status":"reported"
"title":"Hard Bump","category":"Pothole","timestamp":1510250029234,"geoLocation":"77.73562,12.98766","imageUrl":"no oper", "userName":"myname", "status":"reported"
"title":"Hard Bump","category":"Pothole","timestamp":1510250029235,"geoLocation":"77.7358,12.98764","imageUrl":"no oper", "userName":"myname", "status":"reported"
"title":"Hard Bump","category":"Pothole","timestamp":1510250029236,"geoLocation":"77.73595,12.98764","imageUrl":"no oper", "userName":"myname", "status":"reported"
"title":"Hard Bump","category":"Pothole","timestamp":1510250029237,"geoLocation":"77.73631,12.98763","imageUrl":"no oper", "userName":"myname", "status":"reported"
"title":"Hard Bump","category":"Pothole","timestamp":1510250029238,"geoLocation":"77.73681,12.98761","imageUrl":"no oper", "userName":"myname", "status":"reported"
"title":"Hard Bump","category":"Pothole","timestamp":1510250029239,"geoLocation":"77.73716,12.98761","imageUrl":"no oper", "userName":"myname", "status":"reported"
"title":"Hard Bump","category":"Pothole","timestamp":1510250029240,"geoLocation":"77.73726,12.98761","imageUrl":"no oper", "userName":"myname", "status":"reported"
"title":"Hard Bump","category":"Pothole","timestamp":1510250029241,"geoLocation":"77.73775,12.98761","imageUrl":"no oper", "userName":"myname", "status":"reported"
"title":"Hard Bump","category":"Pothole","timestamp":1510250029242,"geoLocation":"77.73806,12.98761","imageUrl":"no oper", "userName":"myname", "status":"reported"
"title":"Hard Bump","category":"Pothole","timestamp":1510250029243,"geoLocation":"77.739,12.98763","imageUrl":"no oper", "userName":"myname", "status":"reported"
"title":"Hard Bump","category":"Pothole","timestamp":1510250029244,"geoLocation":"77.73986,12.98763","imageUrl":"no oper", "userName":"myname", "status":"reported"
"title":"Hard Bump","category":"Pothole","timestamp":1510250029245,"geoLocation":"77.74002,12.98763","imageUrl":"no oper", "userName":"myname", "status":"reported"
"title":"Hard Bump","category":"Pothole","timestamp":1510250029246,"geoLocation":"77.74009,12.98762","imageUrl":"no oper", "userName":"myname", "status":"reported"
"title":"Hard Bump","category":"Pothole","timestamp":1510250029247,"geoLocation":"77.7402,12.9876","imageUrl":"no oper", "userName":"myname", "status":"reported"
"title":"Hard Bump","category":"Pothole","timestamp":1510250029248,"geoLocation":"77.74022,12.9876","imageUrl":"no oper", "userName":"myname", "status":"reported"
"title":"Hard Bump","category":"Pothole","timestamp":1510250029249,"geoLocation":"77.7407,12.9875","imageUrl":"no oper", "userName":"myname", "status":"reported"
"title":"Hard Bump","category":"Pothole","timestamp":1510250029250,"geoLocation":"77.74075,12.98749","imageUrl":"no oper", "userName":"myname", "status":"reported"
"title":"Hard Bump","category":"Pothole","timestamp":1510250029251,"geoLocation":"77.74173,12.98724","imageUrl":"no oper", "userName":"myname", "status":"reported"
"title":"Hard Bump","category":"Pothole","timestamp":1510250029252,"geoLocation":"77.74226,12.98711","imageUrl":"no oper", "userName":"myname", "status":"reported"
"title":"Hard Bump","category":"Pothole","timestamp":1510250029253,"geoLocation":"77.74266,12.98699","imageUrl":"no oper", "userName":"myname", "status":"reported"
"title":"Hard Bump","category":"Pothole","timestamp":1510250029254,"geoLocation":"77.74284,12.98694","imageUrl":"no oper", "userName":"myname", "status":"reported"
"title":"Hard Bump","category":"Pothole","timestamp":1510250029255,"geoLocation":"77.74463,12.98651","imageUrl":"no oper", "userName":"myname", "status":"reported"
"title":"Hard Bump","category":"Pothole","timestamp":1510250029256,"geoLocation":"77.74479,12.98646","imageUrl":"no oper", "userName":"myname", "status":"reported"
"title":"Hard Bump","category":"Pothole","timestamp":1510250029257,"geoLocation":"77.74485,12.98644","imageUrl":"no oper", "userName":"myname", "status":"reported"
"title":"Hard Bump","category":"Pothole","timestamp":1510250029258,"geoLocation":"77.74526,12.98632","imageUrl":"no oper", "userName":"myname", "status":"reported"
"title":"Hard Bump","category":"Pothole","timestamp":1510250029259,"geoLocation":"77.74585,12.98614","imageUrl":"no oper", "userName":"myname", "status":"reported"
"title":"Hard Bump","category":"Pothole","timestamp":1510250029260,"geoLocation":"77.74656,12.98589","imageUrl":"no oper", "userName":"myname", "status":"reported"
"title":"Hard Bump","category":"Pothole","timestamp":1510250029261,"geoLocation":"77.74778,12.98541","imageUrl":"no oper", "userName":"myname", "status":"reported"
"title":"Hard Bump","category":"Pothole","timestamp":1510250029262,"geoLocation":"77.74937,12.98484","imageUrl":"no oper", "userName":"myname", "status":"reported"
"title":"Hard Bump","category":"Pothole","timestamp":1510250029263,"geoLocation":"77.75115,12.98424","imageUrl":"no oper", "userName":"myname", "status":"reported"
"title":"Hard Bump","category":"Pothole","timestamp":1510250029264,"geoLocation":"77.75242,12.98383","imageUrl":"no oper", "userName":"myname", "status":"reported"
"title":"Hard Bump","category":"Pothole","timestamp":1510250029265,"geoLocation":"77.7525,12.98382","imageUrl":"no oper", "userName":"myname", "status":"reported"
"title":"Hard Bump","category":"Pothole","timestamp":1510250029266,"geoLocation":"77.75248,12.98376","imageUrl":"no oper", "userName":"myname", "status":"reported"
"title":"Hard Bump","category":"Pothole","timestamp":1510250029267,"geoLocation":"77.75237,12.98346","imageUrl":"no oper", "userName":"myname", "status":"reported"
"title":"Hard Bump","category":"Pothole","timestamp":1510250029268,"geoLocation":"77.75234,12.98336","imageUrl":"no oper", "userName":"myname", "status":"reported"
"title":"Hard Bump","category":"Pothole","timestamp":1510250029269,"geoLocation":"77.75229,12.98319","imageUrl":"no oper", "userName":"myname", "status":"reported"
"title":"Hard Bump","category":"Pothole","timestamp":1510250029270,"geoLocation":"77.75224,12.98299","imageUrl":"no oper", "userName":"myname", "status":"reported"
"title":"Hard Bump","category":"Pothole","timestamp":1510250029271,"geoLocation":"77.75221,12.98286","imageUrl":"no oper", "userName":"myname", "status":"reported"
"title":"Hard Bump","category":"Pothole","timestamp":1510250029272,"geoLocation":"77.75218,12.98267","imageUrl":"no oper", "userName":"myname", "status":"reported"
"title":"Hard Bump","category":"Pothole","timestamp":1510250029273,"geoLocation":"77.75212,12.98238","imageUrl":"no oper", "userName":"myname", "status":"reported"
"title":"Hard Bump","category":"Pothole","timestamp":1510250029274,"geoLocation":"77.75205,12.98201","imageUrl":"no oper", "userName":"myname", "status":"reported"
"title":"Hard Bump","category":"Pothole","timestamp":1510250029275,"geoLocation":"77.75198,12.98168","imageUrl":"no oper", "userName":"myname", "status":"reported"
"title":"Hard Bump","category":"Pothole","timestamp":1510250029276,"geoLocation":"77.75188,12.98108","imageUrl":"no oper", "userName":"myname", "status":"reported"
"title":"Hard Bump","category":"Pothole","timestamp":1510250029277,"geoLocation":"77.7517,12.98007","imageUrl":"no oper", "userName":"myname", "status":"reported"
"title":"Hard Bump","category":"Pothole","timestamp":1510250029278,"geoLocation":"77.7517,12.98001","imageUrl":"no oper", "userName":"myname", "status":"reported"
"title":"Hard Bump","category":"Pothole","timestamp":1510250029279,"geoLocation":"77.75159,12.97946","imageUrl":"no oper", "userName":"myname", "status":"reported"
"title":"Hard Bump","category":"Pothole","timestamp":1510250029280,"geoLocation":"77.75141,12.97859","imageUrl":"no oper", "userName":"myname", "status":"reported"
"title":"Hard Bump","category":"Pothole","timestamp":1510250029281,"geoLocation":"77.75135,12.9783","imageUrl":"no oper", "userName":"myname", "status":"reported"
"title":"Hard Bump","category":"Pothole","timestamp":1510250029282,"geoLocation":"77.75115,12.97733","imageUrl":"no oper", "userName":"myname", "status":"reported"
"title":"Hard Bump","category":"Pothole","timestamp":1510250029283,"geoLocation":"77.75092,12.97628","imageUrl":"no oper", "userName":"myname", "status":"reported"
"title":"Hard Bump","category":"Pothole","timestamp":1510250029284,"geoLocation":"77.75077,12.97549","imageUrl":"no oper", "userName":"myname", "status":"reported"
"title":"Hard Bump","category":"Pothole","timestamp":1510250029285,"geoLocation":"77.75067,12.97497","imageUrl":"no oper", "userName":"myname", "status":"reported"
"title":"Hard Bump","category":"Pothole","timestamp":1510250029286,"geoLocation":"77.75064,12.97479","imageUrl":"no oper", "userName":"myname", "status":"reported"
"title":"Hard Bump","category":"Pothole","timestamp":1510250029287,"geoLocation":"77.7505,12.97391","imageUrl":"no oper", "userName":"myname", "status":"reported"
"title":"Hard Bump","category":"Pothole","timestamp":1510250029288,"geoLocation":"77.75045,12.97358","imageUrl":"no oper", "userName":"myname", "status":"reported"
"title":"Hard Bump","category":"Pothole","timestamp":1510250029289,"geoLocation":"77.75044,12.97348","imageUrl":"no oper", "userName":"myname", "status":"reported"
"title":"Hard Bump","category":"Pothole","timestamp":1510250029290,"geoLocation":"77.7504,12.97322","imageUrl":"no oper", "userName":"myname", "status":"reported"
"title":"Hard Bump","category":"Pothole","timestamp":1510250029291,"geoLocation":"77.75033,12.97264","imageUrl":"no oper", "userName":"myname", "status":"reported"
"title":"Hard Bump","category":"Pothole","timestamp":1510250029292,"geoLocation":"77.75032,12.97257","imageUrl":"no oper", "userName":"myname", "status":"reported"
"title":"Hard Bump","category":"Pothole","timestamp":1510250029293,"geoLocation":"77.75029,12.97223","imageUrl":"no oper", "userName":"myname", "status":"reported"
"title":"Hard Bump","category":"Pothole","timestamp":1510250029294,"geoLocation":"77.75017,12.97138","imageUrl":"no oper", "userName":"myname", "status":"reported"
"title":"Hard Bump","category":"Pothole","timestamp":1510250029295,"geoLocation":"77.75013,12.97103","imageUrl":"no oper", "userName":"myname", "status":"reported"
"title":"Hard Bump","category":"Pothole","timestamp":1510250029296,"geoLocation":"77.75013,12.97101","imageUrl":"no oper", "userName":"myname", "status":"reported"
"title":"Hard Bump","category":"Pothole","timestamp":1510250029297,"geoLocation":"77.7501,12.97079","imageUrl":"no oper", "userName":"myname", "status":"reported"
"title":"Hard Bump","category":"Pothole","timestamp":1510250029298,"geoLocation":"77.75004,12.97032","imageUrl":"no oper", "userName":"myname", "status":"reported"
"title":"Hard Bump","category":"Pothole","timestamp":1510250029299,"geoLocation":"77.75004,12.97029","imageUrl":"no oper", "userName":"myname", "status":"reported"
"title":"Hard Bump","category":"Pothole","timestamp":1510250029300,"geoLocation":"77.74999,12.96985","imageUrl":"no oper", "userName":"myname", "status":"reported"
"title":"Hard Bump","category":"Pothole","timestamp":1510250029301,"geoLocation":"77.74998,12.9698","imageUrl":"no oper", "userName":"myname", "status":"reported"
"title":"Hard Bump","category":"Pothole","timestamp":1510250029302,"geoLocation":"77.75003,12.97016","imageUrl":"no oper", "userName":"myname", "status":"reported"
