curl -XPOST http://192.168.99.100:9200/bangalore/issue/ -d "{\"title\":\"Hard Bump\",\"category\":\"Pothole\",\"timestamp\":1510250029001,\"geoLocation\":\"12.66359,77.9988\",\"imageUrl\":\"no oper\", \"userName\":\"myname\", \"status\":\"reported\"}"
curl -XPOST http://192.168.99.100:9200/bangalore/issue/ -d "{\"title\":\"Hard Bump\",\"category\":\"Pothole\",\"timestamp\":1510250029002,\"geoLocation\":\"12.6636,77.99871\",\"imageUrl\":\"no oper\", \"userName\":\"myname\", \"status\":\"reported\"}"
curl -XPOST http://192.168.99.100:9200/bangalore/issue/ -d "{\"title\":\"Hard Bump\",\"category\":\"Pothole\",\"timestamp\":1510250029003,\"geoLocation\":\"12.6636,77.99865\",\"imageUrl\":\"no oper\", \"userName\":\"myname\", \"status\":\"reported\"}"
curl -XPOST http://192.168.99.100:9200/bangalore/issue/ -d "{\"title\":\"Hard Bump\",\"category\":\"Pothole\",\"timestamp\":1510250029004,\"geoLocation\":\"12.6636,77.99859\",\"imageUrl\":\"no oper\", \"userName\":\"myname\", \"status\":\"reported\"}"
curl -XPOST http://192.168.99.100:9200/bangalore/issue/ -d "{\"title\":\"Hard Bump\",\"category\":\"Pothole\",\"timestamp\":1510250029005,\"geoLocation\":\"12.66361,77.99854\",\"imageUrl\":\"no oper\", \"userName\":\"myname\", \"status\":\"reported\"}"
curl -XPOST http://192.168.99.100:9200/bangalore/issue/ -d "{\"title\":\"Hard Bump\",\"category\":\"Pothole\",\"timestamp\":1510250029006,\"geoLocation\":\"12.66361,77.99852\",\"imageUrl\":\"no oper\", \"userName\":\"myname\", \"status\":\"reported\"}"
curl -XPOST http://192.168.99.100:9200/bangalore/issue/ -d "{\"title\":\"Hard Bump\",\"category\":\"Pothole\",\"timestamp\":1510250029007,\"geoLocation\":\"12.66362,77.99846\",\"imageUrl\":\"no oper\", \"userName\":\"myname\", \"status\":\"reported\"}"
curl -XPOST http://192.168.99.100:9200/bangalore/issue/ -d "{\"title\":\"Hard Bump\",\"category\":\"Pothole\",\"timestamp\":1510250029008,\"geoLocation\":\"12.66364,77.9984\",\"imageUrl\":\"no oper\", \"userName\":\"myname\", \"status\":\"reported\"}"
curl -XPOST http://192.168.99.100:9200/bangalore/issue/ -d "{\"title\":\"Hard Bump\",\"category\":\"Pothole\",\"timestamp\":1510250029009,\"geoLocation\":\"12.66365,77.99837\",\"imageUrl\":\"no oper\", \"userName\":\"myname\", \"status\":\"reported\"}"
curl -XPOST http://192.168.99.100:9200/bangalore/issue/ -d "{\"title\":\"Hard Bump\",\"category\":\"Pothole\",\"timestamp\":1510250029010,\"geoLocation\":\"12.66365,77.99835\",\"imageUrl\":\"no oper\", \"userName\":\"myname\", \"status\":\"reported\"}"
curl -XPOST http://192.168.99.100:9200/bangalore/issue/ -d "{\"title\":\"Hard Bump\",\"category\":\"Pothole\",\"timestamp\":1510250029011,\"geoLocation\":\"12.66366,77.99834\",\"imageUrl\":\"no oper\", \"userName\":\"myname\", \"status\":\"reported\"}"
curl -XPOST http://192.168.99.100:9200/bangalore/issue/ -d "{\"title\":\"Hard Bump\",\"category\":\"Pothole\",\"timestamp\":1510250029012,\"geoLocation\":\"12.66367,77.9983\",\"imageUrl\":\"no oper\", \"userName\":\"myname\", \"status\":\"reported\"}"
curl -XPOST http://192.168.99.100:9200/bangalore/issue/ -d "{\"title\":\"Hard Bump\",\"category\":\"Pothole\",\"timestamp\":1510250029013,\"geoLocation\":\"12.66369,77.99825\",\"imageUrl\":\"no oper\", \"userName\":\"myname\", \"status\":\"reported\"}"
curl -XPOST http://192.168.99.100:9200/bangalore/issue/ -d "{\"title\":\"Hard Bump\",\"category\":\"Pothole\",\"timestamp\":1510250029014,\"geoLocation\":\"12.66371,77.9982\",\"imageUrl\":\"no oper\", \"userName\":\"myname\", \"status\":\"reported\"}"
curl -XPOST http://192.168.99.100:9200/bangalore/issue/ -d "{\"title\":\"Hard Bump\",\"category\":\"Pothole\",\"timestamp\":1510250029015,\"geoLocation\":\"12.66373,77.99816\",\"imageUrl\":\"no oper\", \"userName\":\"myname\", \"status\":\"reported\"}"
curl -XPOST http://192.168.99.100:9200/bangalore/issue/ -d "{\"title\":\"Hard Bump\",\"category\":\"Pothole\",\"timestamp\":1510250029016,\"geoLocation\":\"12.66376,77.9981\",\"imageUrl\":\"no oper\", \"userName\":\"myname\", \"status\":\"reported\"}"
curl -XPOST http://192.168.99.100:9200/bangalore/issue/ -d "{\"title\":\"Hard Bump\",\"category\":\"Pothole\",\"timestamp\":1510250029017,\"geoLocation\":\"12.6638,77.99804\",\"imageUrl\":\"no oper\", \"userName\":\"myname\", \"status\":\"reported\"}"
curl -XPOST http://192.168.99.100:9200/bangalore/issue/ -d "{\"title\":\"Hard Bump\",\"category\":\"Pothole\",\"timestamp\":1510250029018,\"geoLocation\":\"12.66411,77.99754\",\"imageUrl\":\"no oper\", \"userName\":\"myname\", \"status\":\"reported\"}"
curl -XPOST http://192.168.99.100:9200/bangalore/issue/ -d "{\"title\":\"Hard Bump\",\"category\":\"Pothole\",\"timestamp\":1510250029019,\"geoLocation\":\"12.66427,77.99727\",\"imageUrl\":\"no oper\", \"userName\":\"myname\", \"status\":\"reported\"}"
curl -XPOST http://192.168.99.100:9200/bangalore/issue/ -d "{\"title\":\"Hard Bump\",\"category\":\"Pothole\",\"timestamp\":1510250029020,\"geoLocation\":\"12.66429,77.99725\",\"imageUrl\":\"no oper\", \"userName\":\"myname\", \"status\":\"reported\"}"
curl -XPOST http://192.168.99.100:9200/bangalore/issue/ -d "{\"title\":\"Hard Bump\",\"category\":\"Pothole\",\"timestamp\":1510250029021,\"geoLocation\":\"12.66448,77.99691\",\"imageUrl\":\"no oper\", \"userName\":\"myname\", \"status\":\"reported\"}"
curl -XPOST http://192.168.99.100:9200/bangalore/issue/ -d "{\"title\":\"Hard Bump\",\"category\":\"Pothole\",\"timestamp\":1510250029022,\"geoLocation\":\"12.66461,77.99668\",\"imageUrl\":\"no oper\", \"userName\":\"myname\", \"status\":\"reported\"}"
curl -XPOST http://192.168.99.100:9200/bangalore/issue/ -d "{\"title\":\"Hard Bump\",\"category\":\"Pothole\",\"timestamp\":1510250029023,\"geoLocation\":\"12.665,77.99606\",\"imageUrl\":\"no oper\", \"userName\":\"myname\", \"status\":\"reported\"}"
curl -XPOST http://192.168.99.100:9200/bangalore/issue/ -d "{\"title\":\"Hard Bump\",\"category\":\"Pothole\",\"timestamp\":1510250029024,\"geoLocation\":\"12.66512,77.99593\",\"imageUrl\":\"no oper\", \"userName\":\"myname\", \"status\":\"reported\"}"
curl -XPOST http://192.168.99.100:9200/bangalore/issue/ -d "{\"title\":\"Hard Bump\",\"category\":\"Pothole\",\"timestamp\":1510250029025,\"geoLocation\":\"12.66517,77.99587\",\"imageUrl\":\"no oper\", \"userName\":\"myname\", \"status\":\"reported\"}"
curl -XPOST http://192.168.99.100:9200/bangalore/issue/ -d "{\"title\":\"Hard Bump\",\"category\":\"Pothole\",\"timestamp\":1510250029026,\"geoLocation\":\"12.66524,77.99582\",\"imageUrl\":\"no oper\", \"userName\":\"myname\", \"status\":\"reported\"}"
curl -XPOST http://192.168.99.100:9200/bangalore/issue/ -d "{\"title\":\"Hard Bump\",\"category\":\"Pothole\",\"timestamp\":1510250029027,\"geoLocation\":\"12.66538,77.99575\",\"imageUrl\":\"no oper\", \"userName\":\"myname\", \"status\":\"reported\"}"
curl -XPOST http://192.168.99.100:9200/bangalore/issue/ -d "{\"title\":\"Hard Bump\",\"category\":\"Pothole\",\"timestamp\":1510250029028,\"geoLocation\":\"12.66551,77.99569\",\"imageUrl\":\"no oper\", \"userName\":\"myname\", \"status\":\"reported\"}"
curl -XPOST http://192.168.99.100:9200/bangalore/issue/ -d "{\"title\":\"Hard Bump\",\"category\":\"Pothole\",\"timestamp\":1510250029029,\"geoLocation\":\"12.66564,77.99567\",\"imageUrl\":\"no oper\", \"userName\":\"myname\", \"status\":\"reported\"}"
curl -XPOST http://192.168.99.100:9200/bangalore/issue/ -d "{\"title\":\"Hard Bump\",\"category\":\"Pothole\",\"timestamp\":1510250029030,\"geoLocation\":\"12.66578,77.99566\",\"imageUrl\":\"no oper\", \"userName\":\"myname\", \"status\":\"reported\"}"
curl -XPOST http://192.168.99.100:9200/bangalore/issue/ -d "{\"title\":\"Hard Bump\",\"category\":\"Pothole\",\"timestamp\":1510250029031,\"geoLocation\":\"12.6659,77.99567\",\"imageUrl\":\"no oper\", \"userName\":\"myname\", \"status\":\"reported\"}"
curl -XPOST http://192.168.99.100:9200/bangalore/issue/ -d "{\"title\":\"Hard Bump\",\"category\":\"Pothole\",\"timestamp\":1510250029032,\"geoLocation\":\"12.66607,77.9957\",\"imageUrl\":\"no oper\", \"userName\":\"myname\", \"status\":\"reported\"}"
curl -XPOST http://192.168.99.100:9200/bangalore/issue/ -d "{\"title\":\"Hard Bump\",\"category\":\"Pothole\",\"timestamp\":1510250029033,\"geoLocation\":\"12.66621,77.99576\",\"imageUrl\":\"no oper\", \"userName\":\"myname\", \"status\":\"reported\"}"
curl -XPOST http://192.168.99.100:9200/bangalore/issue/ -d "{\"title\":\"Hard Bump\",\"category\":\"Pothole\",\"timestamp\":1510250029034,\"geoLocation\":\"12.66651,77.99587\",\"imageUrl\":\"no oper\", \"userName\":\"myname\", \"status\":\"reported\"}"
curl -XPOST http://192.168.99.100:9200/bangalore/issue/ -d "{\"title\":\"Hard Bump\",\"category\":\"Pothole\",\"timestamp\":1510250029035,\"geoLocation\":\"12.66695,77.99603\",\"imageUrl\":\"no oper\", \"userName\":\"myname\", \"status\":\"reported\"}"
curl -XPOST http://192.168.99.100:9200/bangalore/issue/ -d "{\"title\":\"Hard Bump\",\"category\":\"Pothole\",\"timestamp\":1510250029036,\"geoLocation\":\"12.66731,77.99618\",\"imageUrl\":\"no oper\", \"userName\":\"myname\", \"status\":\"reported\"}"
curl -XPOST http://192.168.99.100:9200/bangalore/issue/ -d "{\"title\":\"Hard Bump\",\"category\":\"Pothole\",\"timestamp\":1510250029037,\"geoLocation\":\"12.66742,77.99622\",\"imageUrl\":\"no oper\", \"userName\":\"myname\", \"status\":\"reported\"}"
curl -XPOST http://192.168.99.100:9200/bangalore/issue/ -d "{\"title\":\"Hard Bump\",\"category\":\"Pothole\",\"timestamp\":1510250029038,\"geoLocation\":\"12.66749,77.99623\",\"imageUrl\":\"no oper\", \"userName\":\"myname\", \"status\":\"reported\"}"
curl -XPOST http://192.168.99.100:9200/bangalore/issue/ -d "{\"title\":\"Hard Bump\",\"category\":\"Pothole\",\"timestamp\":1510250029039,\"geoLocation\":\"12.66755,77.99623\",\"imageUrl\":\"no oper\", \"userName\":\"myname\", \"status\":\"reported\"}"
curl -XPOST http://192.168.99.100:9200/bangalore/issue/ -d "{\"title\":\"Hard Bump\",\"category\":\"Pothole\",\"timestamp\":1510250029040,\"geoLocation\":\"12.66775,77.99624\",\"imageUrl\":\"no oper\", \"userName\":\"myname\", \"status\":\"reported\"}"
curl -XPOST http://192.168.99.100:9200/bangalore/issue/ -d "{\"title\":\"Hard Bump\",\"category\":\"Pothole\",\"timestamp\":1510250029041,\"geoLocation\":\"12.66903,77.99683\",\"imageUrl\":\"no oper\", \"userName\":\"myname\", \"status\":\"reported\"}"
curl -XPOST http://192.168.99.100:9200/bangalore/issue/ -d "{\"title\":\"Hard Bump\",\"category\":\"Pothole\",\"timestamp\":1510250029042,\"geoLocation\":\"12.66947,77.99702\",\"imageUrl\":\"no oper\", \"userName\":\"myname\", \"status\":\"reported\"}"
curl -XPOST http://192.168.99.100:9200/bangalore/issue/ -d "{\"title\":\"Hard Bump\",\"category\":\"Pothole\",\"timestamp\":1510250029043,\"geoLocation\":\"12.66955,77.99714\",\"imageUrl\":\"no oper\", \"userName\":\"myname\", \"status\":\"reported\"}"
curl -XPOST http://192.168.99.100:9200/bangalore/issue/ -d "{\"title\":\"Hard Bump\",\"category\":\"Pothole\",\"timestamp\":1510250029044,\"geoLocation\":\"12.66962,77.9972\",\"imageUrl\":\"no oper\", \"userName\":\"myname\", \"status\":\"reported\"}"
curl -XPOST http://192.168.99.100:9200/bangalore/issue/ -d "{\"title\":\"Hard Bump\",\"category\":\"Pothole\",\"timestamp\":1510250029045,\"geoLocation\":\"12.66969,77.99725\",\"imageUrl\":\"no oper\", \"userName\":\"myname\", \"status\":\"reported\"}"
curl -XPOST http://192.168.99.100:9200/bangalore/issue/ -d "{\"title\":\"Hard Bump\",\"category\":\"Pothole\",\"timestamp\":1510250029046,\"geoLocation\":\"12.6699,77.99734\",\"imageUrl\":\"no oper\", \"userName\":\"myname\", \"status\":\"reported\"}"
curl -XPOST http://192.168.99.100:9200/bangalore/issue/ -d "{\"title\":\"Hard Bump\",\"category\":\"Pothole\",\"timestamp\":1510250029047,\"geoLocation\":\"12.67014,77.99745\",\"imageUrl\":\"no oper\", \"userName\":\"myname\", \"status\":\"reported\"}"
curl -XPOST http://192.168.99.100:9200/bangalore/issue/ -d "{\"title\":\"Hard Bump\",\"category\":\"Pothole\",\"timestamp\":1510250029048,\"geoLocation\":\"12.67162,77.99815\",\"imageUrl\":\"no oper\", \"userName\":\"myname\", \"status\":\"reported\"}"
curl -XPOST http://192.168.99.100:9200/bangalore/issue/ -d "{\"title\":\"Hard Bump\",\"category\":\"Pothole\",\"timestamp\":1510250029049,\"geoLocation\":\"12.67212,77.99839\",\"imageUrl\":\"no oper\", \"userName\":\"myname\", \"status\":\"reported\"}"
curl -XPOST http://192.168.99.100:9200/bangalore/issue/ -d "{\"title\":\"Hard Bump\",\"category\":\"Pothole\",\"timestamp\":1510250029050,\"geoLocation\":\"12.67375,77.99918\",\"imageUrl\":\"no oper\", \"userName\":\"myname\", \"status\":\"reported\"}"
curl -XPOST http://192.168.99.100:9200/bangalore/issue/ -d "{\"title\":\"Hard Bump\",\"category\":\"Pothole\",\"timestamp\":1510250029051,\"geoLocation\":\"12.67415,77.99937\",\"imageUrl\":\"no oper\", \"userName\":\"myname\", \"status\":\"reported\"}"
curl -XPOST http://192.168.99.100:9200/bangalore/issue/ -d "{\"title\":\"Hard Bump\",\"category\":\"Pothole\",\"timestamp\":1510250029052,\"geoLocation\":\"12.67448,77.99953\",\"imageUrl\":\"no oper\", \"userName\":\"myname\", \"status\":\"reported\"}"
curl -XPOST http://192.168.99.100:9200/bangalore/issue/ -d "{\"title\":\"Hard Bump\",\"category\":\"Pothole\",\"timestamp\":1510250029053,\"geoLocation\":\"12.67506,77.99979\",\"imageUrl\":\"no oper\", \"userName\":\"myname\", \"status\":\"reported\"}"
curl -XPOST http://192.168.99.100:9200/bangalore/issue/ -d "{\"title\":\"Hard Bump\",\"category\":\"Pothole\",\"timestamp\":1510250029054,\"geoLocation\":\"12.67546,77.99996\",\"imageUrl\":\"no oper\", \"userName\":\"myname\", \"status\":\"reported\"}"
curl -XPOST http://192.168.99.100:9200/bangalore/issue/ -d "{\"title\":\"Hard Bump\",\"category\":\"Pothole\",\"timestamp\":1510250029055,\"geoLocation\":\"12.67559,77.00002\",\"imageUrl\":\"no oper\", \"userName\":\"myname\", \"status\":\"reported\"}"
curl -XPOST http://192.168.99.100:9200/bangalore/issue/ -d "{\"title\":\"Hard Bump\",\"category\":\"Pothole\",\"timestamp\":1510250029056,\"geoLocation\":\"12.67616,77.00028\",\"imageUrl\":\"no oper\", \"userName\":\"myname\", \"status\":\"reported\"}"
curl -XPOST http://192.168.99.100:9200/bangalore/issue/ -d "{\"title\":\"Hard Bump\",\"category\":\"Pothole\",\"timestamp\":1510250029057,\"geoLocation\":\"12.67624,77.00031\",\"imageUrl\":\"no oper\", \"userName\":\"myname\", \"status\":\"reported\"}"
curl -XPOST http://192.168.99.100:9200/bangalore/issue/ -d "{\"title\":\"Hard Bump\",\"category\":\"Pothole\",\"timestamp\":1510250029058,\"geoLocation\":\"12.6763,77.00032\",\"imageUrl\":\"no oper\", \"userName\":\"myname\", \"status\":\"reported\"}"
curl -XPOST http://192.168.99.100:9200/bangalore/issue/ -d "{\"title\":\"Hard Bump\",\"category\":\"Pothole\",\"timestamp\":1510250029059,\"geoLocation\":\"12.67635,77.00034\",\"imageUrl\":\"no oper\", \"userName\":\"myname\", \"status\":\"reported\"}"
curl -XPOST http://192.168.99.100:9200/bangalore/issue/ -d "{\"title\":\"Hard Bump\",\"category\":\"Pothole\",\"timestamp\":1510250029060,\"geoLocation\":\"12.67639,77.00034\",\"imageUrl\":\"no oper\", \"userName\":\"myname\", \"status\":\"reported\"}"
curl -XPOST http://192.168.99.100:9200/bangalore/issue/ -d "{\"title\":\"Hard Bump\",\"category\":\"Pothole\",\"timestamp\":1510250029061,\"geoLocation\":\"12.67644,77.00035\",\"imageUrl\":\"no oper\", \"userName\":\"myname\", \"status\":\"reported\"}"
curl -XPOST http://192.168.99.100:9200/bangalore/issue/ -d "{\"title\":\"Hard Bump\",\"category\":\"Pothole\",\"timestamp\":1510250029062,\"geoLocation\":\"12.67658,77.00035\",\"imageUrl\":\"no oper\", \"userName\":\"myname\", \"status\":\"reported\"}"
curl -XPOST http://192.168.99.100:9200/bangalore/issue/ -d "{\"title\":\"Hard Bump\",\"category\":\"Pothole\",\"timestamp\":1510250029063,\"geoLocation\":\"12.67662,77.00035\",\"imageUrl\":\"no oper\", \"userName\":\"myname\", \"status\":\"reported\"}"
curl -XPOST http://192.168.99.100:9200/bangalore/issue/ -d "{\"title\":\"Hard Bump\",\"category\":\"Pothole\",\"timestamp\":1510250029064,\"geoLocation\":\"12.67664,77.00035\",\"imageUrl\":\"no oper\", \"userName\":\"myname\", \"status\":\"reported\"}"
curl -XPOST http://192.168.99.100:9200/bangalore/issue/ -d "{\"title\":\"Hard Bump\",\"category\":\"Pothole\",\"timestamp\":1510250029065,\"geoLocation\":\"12.67687,77.00036\",\"imageUrl\":\"no oper\", \"userName\":\"myname\", \"status\":\"reported\"}"
curl -XPOST http://192.168.99.100:9200/bangalore/issue/ -d "{\"title\":\"Hard Bump\",\"category\":\"Pothole\",\"timestamp\":1510250029066,\"geoLocation\":\"12.67689,77.00036\",\"imageUrl\":\"no oper\", \"userName\":\"myname\", \"status\":\"reported\"}"
curl -XPOST http://192.168.99.100:9200/bangalore/issue/ -d "{\"title\":\"Hard Bump\",\"category\":\"Pothole\",\"timestamp\":1510250029067,\"geoLocation\":\"12.67713,77.00037\",\"imageUrl\":\"no oper\", \"userName\":\"myname\", \"status\":\"reported\"}"
curl -XPOST http://192.168.99.100:9200/bangalore/issue/ -d "{\"title\":\"Hard Bump\",\"category\":\"Pothole\",\"timestamp\":1510250029068,\"geoLocation\":\"12.67809,77.00031\",\"imageUrl\":\"no oper\", \"userName\":\"myname\", \"status\":\"reported\"}"
curl -XPOST http://192.168.99.100:9200/bangalore/issue/ -d "{\"title\":\"Hard Bump\",\"category\":\"Pothole\",\"timestamp\":1510250029069,\"geoLocation\":\"12.67829,77.00032\",\"imageUrl\":\"no oper\", \"userName\":\"myname\", \"status\":\"reported\"}"
curl -XPOST http://192.168.99.100:9200/bangalore/issue/ -d "{\"title\":\"Hard Bump\",\"category\":\"Pothole\",\"timestamp\":1510250029070,\"geoLocation\":\"12.67857,77.00034\",\"imageUrl\":\"no oper\", \"userName\":\"myname\", \"status\":\"reported\"}"
curl -XPOST http://192.168.99.100:9200/bangalore/issue/ -d "{\"title\":\"Hard Bump\",\"category\":\"Pothole\",\"timestamp\":1510250029071,\"geoLocation\":\"12.67892,77.00037\",\"imageUrl\":\"no oper\", \"userName\":\"myname\", \"status\":\"reported\"}"
curl -XPOST http://192.168.99.100:9200/bangalore/issue/ -d "{\"title\":\"Hard Bump\",\"category\":\"Pothole\",\"timestamp\":1510250029072,\"geoLocation\":\"12.67928,77.00037\",\"imageUrl\":\"no oper\", \"userName\":\"myname\", \"status\":\"reported\"}"
curl -XPOST http://192.168.99.100:9200/bangalore/issue/ -d "{\"title\":\"Hard Bump\",\"category\":\"Pothole\",\"timestamp\":1510250029073,\"geoLocation\":\"12.67938,77.00043\",\"imageUrl\":\"no oper\", \"userName\":\"myname\", \"status\":\"reported\"}"
curl -XPOST http://192.168.99.100:9200/bangalore/issue/ -d "{\"title\":\"Hard Bump\",\"category\":\"Pothole\",\"timestamp\":1510250029074,\"geoLocation\":\"12.67948,77.00046\",\"imageUrl\":\"no oper\", \"userName\":\"myname\", \"status\":\"reported\"}"
curl -XPOST http://192.168.99.100:9200/bangalore/issue/ -d "{\"title\":\"Hard Bump\",\"category\":\"Pothole\",\"timestamp\":1510250029075,\"geoLocation\":\"12.67967,77.00049\",\"imageUrl\":\"no oper\", \"userName\":\"myname\", \"status\":\"reported\"}"
curl -XPOST http://192.168.99.100:9200/bangalore/issue/ -d "{\"title\":\"Hard Bump\",\"category\":\"Pothole\",\"timestamp\":1510250029076,\"geoLocation\":\"12.67993,77.00052\",\"imageUrl\":\"no oper\", \"userName\":\"myname\", \"status\":\"reported\"}"
curl -XPOST http://192.168.99.100:9200/bangalore/issue/ -d "{\"title\":\"Hard Bump\",\"category\":\"Pothole\",\"timestamp\":1510250029077,\"geoLocation\":\"12.68011,77.00053\",\"imageUrl\":\"no oper\", \"userName\":\"myname\", \"status\":\"reported\"}"
curl -XPOST http://192.168.99.100:9200/bangalore/issue/ -d "{\"title\":\"Hard Bump\",\"category\":\"Pothole\",\"timestamp\":1510250029078,\"geoLocation\":\"12.68034,77.00052\",\"imageUrl\":\"no oper\", \"userName\":\"myname\", \"status\":\"reported\"}"
curl -XPOST http://192.168.99.100:9200/bangalore/issue/ -d "{\"title\":\"Hard Bump\",\"category\":\"Pothole\",\"timestamp\":1510250029079,\"geoLocation\":\"12.68058,77.00052\",\"imageUrl\":\"no oper\", \"userName\":\"myname\", \"status\":\"reported\"}"
curl -XPOST http://192.168.99.100:9200/bangalore/issue/ -d "{\"title\":\"Hard Bump\",\"category\":\"Pothole\",\"timestamp\":1510250029080,\"geoLocation\":\"12.68074,77.0005\",\"imageUrl\":\"no oper\", \"userName\":\"myname\", \"status\":\"reported\"}"
curl -XPOST http://192.168.99.100:9200/bangalore/issue/ -d "{\"title\":\"Hard Bump\",\"category\":\"Pothole\",\"timestamp\":1510250029081,\"geoLocation\":\"12.68097,77.00047\",\"imageUrl\":\"no oper\", \"userName\":\"myname\", \"status\":\"reported\"}"
curl -XPOST http://192.168.99.100:9200/bangalore/issue/ -d "{\"title\":\"Hard Bump\",\"category\":\"Pothole\",\"timestamp\":1510250029082,\"geoLocation\":\"12.68121,77.00044\",\"imageUrl\":\"no oper\", \"userName\":\"myname\", \"status\":\"reported\"}"
curl -XPOST http://192.168.99.100:9200/bangalore/issue/ -d "{\"title\":\"Hard Bump\",\"category\":\"Pothole\",\"timestamp\":1510250029083,\"geoLocation\":\"12.68132,77.00042\",\"imageUrl\":\"no oper\", \"userName\":\"myname\", \"status\":\"reported\"}"
curl -XPOST http://192.168.99.100:9200/bangalore/issue/ -d "{\"title\":\"Hard Bump\",\"category\":\"Pothole\",\"timestamp\":1510250029084,\"geoLocation\":\"12.68155,77.0004\",\"imageUrl\":\"no oper\", \"userName\":\"myname\", \"status\":\"reported\"}"
curl -XPOST http://192.168.99.100:9200/bangalore/issue/ -d "{\"title\":\"Hard Bump\",\"category\":\"Pothole\",\"timestamp\":1510250029085,\"geoLocation\":\"12.68225,77.00036\",\"imageUrl\":\"no oper\", \"userName\":\"myname\", \"status\":\"reported\"}"
curl -XPOST http://192.168.99.100:9200/bangalore/issue/ -d "{\"title\":\"Hard Bump\",\"category\":\"Pothole\",\"timestamp\":1510250029086,\"geoLocation\":\"12.68356,77.00036\",\"imageUrl\":\"no oper\", \"userName\":\"myname\", \"status\":\"reported\"}"
curl -XPOST http://192.168.99.100:9200/bangalore/issue/ -d "{\"title\":\"Hard Bump\",\"category\":\"Pothole\",\"timestamp\":1510250029087,\"geoLocation\":\"12.68424,77.00034\",\"imageUrl\":\"no oper\", \"userName\":\"myname\", \"status\":\"reported\"}"
curl -XPOST http://192.168.99.100:9200/bangalore/issue/ -d "{\"title\":\"Hard Bump\",\"category\":\"Pothole\",\"timestamp\":1510250029088,\"geoLocation\":\"12.68473,77.00032\",\"imageUrl\":\"no oper\", \"userName\":\"myname\", \"status\":\"reported\"}"
curl -XPOST http://192.168.99.100:9200/bangalore/issue/ -d "{\"title\":\"Hard Bump\",\"category\":\"Pothole\",\"timestamp\":1510250029089,\"geoLocation\":\"12.68523,77.00028\",\"imageUrl\":\"no oper\", \"userName\":\"myname\", \"status\":\"reported\"}"
curl -XPOST http://192.168.99.100:9200/bangalore/issue/ -d "{\"title\":\"Hard Bump\",\"category\":\"Pothole\",\"timestamp\":1510250029090,\"geoLocation\":\"12.68567,77.00026\",\"imageUrl\":\"no oper\", \"userName\":\"myname\", \"status\":\"reported\"}"
curl -XPOST http://192.168.99.100:9200/bangalore/issue/ -d "{\"title\":\"Hard Bump\",\"category\":\"Pothole\",\"timestamp\":1510250029091,\"geoLocation\":\"12.68591,77.00025\",\"imageUrl\":\"no oper\", \"userName\":\"myname\", \"status\":\"reported\"}"
curl -XPOST http://192.168.99.100:9200/bangalore/issue/ -d "{\"title\":\"Hard Bump\",\"category\":\"Pothole\",\"timestamp\":1510250029092,\"geoLocation\":\"12.68623,77.00021\",\"imageUrl\":\"no oper\", \"userName\":\"myname\", \"status\":\"reported\"}"
curl -XPOST http://192.168.99.100:9200/bangalore/issue/ -d "{\"title\":\"Hard Bump\",\"category\":\"Pothole\",\"timestamp\":1510250029093,\"geoLocation\":\"12.68646,77.00017\",\"imageUrl\":\"no oper\", \"userName\":\"myname\", \"status\":\"reported\"}"
curl -XPOST http://192.168.99.100:9200/bangalore/issue/ -d "{\"title\":\"Hard Bump\",\"category\":\"Pothole\",\"timestamp\":1510250029094,\"geoLocation\":\"12.68661,77.00012\",\"imageUrl\":\"no oper\", \"userName\":\"myname\", \"status\":\"reported\"}"
curl -XPOST http://192.168.99.100:9200/bangalore/issue/ -d "{\"title\":\"Hard Bump\",\"category\":\"Pothole\",\"timestamp\":1510250029095,\"geoLocation\":\"12.68673,77.00007\",\"imageUrl\":\"no oper\", \"userName\":\"myname\", \"status\":\"reported\"}"
curl -XPOST http://192.168.99.100:9200/bangalore/issue/ -d "{\"title\":\"Hard Bump\",\"category\":\"Pothole\",\"timestamp\":1510250029096,\"geoLocation\":\"12.68711,77.99984\",\"imageUrl\":\"no oper\", \"userName\":\"myname\", \"status\":\"reported\"}"
curl -XPOST http://192.168.99.100:9200/bangalore/issue/ -d "{\"title\":\"Hard Bump\",\"category\":\"Pothole\",\"timestamp\":1510250029097,\"geoLocation\":\"12.6875,77.99959\",\"imageUrl\":\"no oper\", \"userName\":\"myname\", \"status\":\"reported\"}"
curl -XPOST http://192.168.99.100:9200/bangalore/issue/ -d "{\"title\":\"Hard Bump\",\"category\":\"Pothole\",\"timestamp\":1510250029098,\"geoLocation\":\"12.6877,77.99943\",\"imageUrl\":\"no oper\", \"userName\":\"myname\", \"status\":\"reported\"}"
curl -XPOST http://192.168.99.100:9200/bangalore/issue/ -d "{\"title\":\"Hard Bump\",\"category\":\"Pothole\",\"timestamp\":1510250029099,\"geoLocation\":\"12.68791,77.99923\",\"imageUrl\":\"no oper\", \"userName\":\"myname\", \"status\":\"reported\"}"
curl -XPOST http://192.168.99.100:9200/bangalore/issue/ -d "{\"title\":\"Hard Bump\",\"category\":\"Pothole\",\"timestamp\":1510250029100,\"geoLocation\":\"12.68816,77.99895\",\"imageUrl\":\"no oper\", \"userName\":\"myname\", \"status\":\"reported\"}"
curl -XPOST http://192.168.99.100:9200/bangalore/issue/ -d "{\"title\":\"Hard Bump\",\"category\":\"Pothole\",\"timestamp\":1510250029101,\"geoLocation\":\"12.68852,77.99856\",\"imageUrl\":\"no oper\", \"userName\":\"myname\", \"status\":\"reported\"}"
curl -XPOST http://192.168.99.100:9200/bangalore/issue/ -d "{\"title\":\"Hard Bump\",\"category\":\"Pothole\",\"timestamp\":1510250029102,\"geoLocation\":\"12.68856,77.99852\",\"imageUrl\":\"no oper\", \"userName\":\"myname\", \"status\":\"reported\"}"
curl -XPOST http://192.168.99.100:9200/bangalore/issue/ -d "{\"title\":\"Hard Bump\",\"category\":\"Pothole\",\"timestamp\":1510250029103,\"geoLocation\":\"12.68864,77.99844\",\"imageUrl\":\"no oper\", \"userName\":\"myname\", \"status\":\"reported\"}"
curl -XPOST http://192.168.99.100:9200/bangalore/issue/ -d "{\"title\":\"Hard Bump\",\"category\":\"Pothole\",\"timestamp\":1510250029104,\"geoLocation\":\"12.68876,77.99832\",\"imageUrl\":\"no oper\", \"userName\":\"myname\", \"status\":\"reported\"}"
curl -XPOST http://192.168.99.100:9200/bangalore/issue/ -d "{\"title\":\"Hard Bump\",\"category\":\"Pothole\",\"timestamp\":1510250029105,\"geoLocation\":\"12.68887,77.99823\",\"imageUrl\":\"no oper\", \"userName\":\"myname\", \"status\":\"reported\"}"
curl -XPOST http://192.168.99.100:9200/bangalore/issue/ -d "{\"title\":\"Hard Bump\",\"category\":\"Pothole\",\"timestamp\":1510250029106,\"geoLocation\":\"12.68894,77.99818\",\"imageUrl\":\"no oper\", \"userName\":\"myname\", \"status\":\"reported\"}"
curl -XPOST http://192.168.99.100:9200/bangalore/issue/ -d "{\"title\":\"Hard Bump\",\"category\":\"Pothole\",\"timestamp\":1510250029107,\"geoLocation\":\"12.68937,77.99797\",\"imageUrl\":\"no oper\", \"userName\":\"myname\", \"status\":\"reported\"}"
curl -XPOST http://192.168.99.100:9200/bangalore/issue/ -d "{\"title\":\"Hard Bump\",\"category\":\"Pothole\",\"timestamp\":1510250029108,\"geoLocation\":\"12.69005,77.99762\",\"imageUrl\":\"no oper\", \"userName\":\"myname\", \"status\":\"reported\"}"
curl -XPOST http://192.168.99.100:9200/bangalore/issue/ -d "{\"title\":\"Hard Bump\",\"category\":\"Pothole\",\"timestamp\":1510250029109,\"geoLocation\":\"12.69036,77.99747\",\"imageUrl\":\"no oper\", \"userName\":\"myname\", \"status\":\"reported\"}"
curl -XPOST http://192.168.99.100:9200/bangalore/issue/ -d "{\"title\":\"Hard Bump\",\"category\":\"Pothole\",\"timestamp\":1510250029110,\"geoLocation\":\"12.69069,77.99731\",\"imageUrl\":\"no oper\", \"userName\":\"myname\", \"status\":\"reported\"}"
curl -XPOST http://192.168.99.100:9200/bangalore/issue/ -d "{\"title\":\"Hard Bump\",\"category\":\"Pothole\",\"timestamp\":1510250029111,\"geoLocation\":\"12.69094,77.99719\",\"imageUrl\":\"no oper\", \"userName\":\"myname\", \"status\":\"reported\"}"
curl -XPOST http://192.168.99.100:9200/bangalore/issue/ -d "{\"title\":\"Hard Bump\",\"category\":\"Pothole\",\"timestamp\":1510250029112,\"geoLocation\":\"12.69138,77.99701\",\"imageUrl\":\"no oper\", \"userName\":\"myname\", \"status\":\"reported\"}"
curl -XPOST http://192.168.99.100:9200/bangalore/issue/ -d "{\"title\":\"Hard Bump\",\"category\":\"Pothole\",\"timestamp\":1510250029113,\"geoLocation\":\"12.69214,77.99675\",\"imageUrl\":\"no oper\", \"userName\":\"myname\", \"status\":\"reported\"}"
curl -XPOST http://192.168.99.100:9200/bangalore/issue/ -d "{\"title\":\"Hard Bump\",\"category\":\"Pothole\",\"timestamp\":1510250029114,\"geoLocation\":\"12.69261,77.99659\",\"imageUrl\":\"no oper\", \"userName\":\"myname\", \"status\":\"reported\"}"
curl -XPOST http://192.168.99.100:9200/bangalore/issue/ -d "{\"title\":\"Hard Bump\",\"category\":\"Pothole\",\"timestamp\":1510250029115,\"geoLocation\":\"12.6938,77.99622\",\"imageUrl\":\"no oper\", \"userName\":\"myname\", \"status\":\"reported\"}"
curl -XPOST http://192.168.99.100:9200/bangalore/issue/ -d "{\"title\":\"Hard Bump\",\"category\":\"Pothole\",\"timestamp\":1510250029116,\"geoLocation\":\"12.69411,77.99612\",\"imageUrl\":\"no oper\", \"userName\":\"myname\", \"status\":\"reported\"}"
curl -XPOST http://192.168.99.100:9200/bangalore/issue/ -d "{\"title\":\"Hard Bump\",\"category\":\"Pothole\",\"timestamp\":1510250029117,\"geoLocation\":\"12.69468,77.99587\",\"imageUrl\":\"no oper\", \"userName\":\"myname\", \"status\":\"reported\"}"
curl -XPOST http://192.168.99.100:9200/bangalore/issue/ -d "{\"title\":\"Hard Bump\",\"category\":\"Pothole\",\"timestamp\":1510250029118,\"geoLocation\":\"12.69497,77.99574\",\"imageUrl\":\"no oper\", \"userName\":\"myname\", \"status\":\"reported\"}"
curl -XPOST http://192.168.99.100:9200/bangalore/issue/ -d "{\"title\":\"Hard Bump\",\"category\":\"Pothole\",\"timestamp\":1510250029119,\"geoLocation\":\"12.69517,77.99566\",\"imageUrl\":\"no oper\", \"userName\":\"myname\", \"status\":\"reported\"}"
curl -XPOST http://192.168.99.100:9200/bangalore/issue/ -d "{\"title\":\"Hard Bump\",\"category\":\"Pothole\",\"timestamp\":1510250029120,\"geoLocation\":\"12.69537,77.99558\",\"imageUrl\":\"no oper\", \"userName\":\"myname\", \"status\":\"reported\"}"
curl -XPOST http://192.168.99.100:9200/bangalore/issue/ -d "{\"title\":\"Hard Bump\",\"category\":\"Pothole\",\"timestamp\":1510250029121,\"geoLocation\":\"12.69555,77.99552\",\"imageUrl\":\"no oper\", \"userName\":\"myname\", \"status\":\"reported\"}"
curl -XPOST http://192.168.99.100:9200/bangalore/issue/ -d "{\"title\":\"Hard Bump\",\"category\":\"Pothole\",\"timestamp\":1510250029122,\"geoLocation\":\"12.69584,77.99545\",\"imageUrl\":\"no oper\", \"userName\":\"myname\", \"status\":\"reported\"}"
curl -XPOST http://192.168.99.100:9200/bangalore/issue/ -d "{\"title\":\"Hard Bump\",\"category\":\"Pothole\",\"timestamp\":1510250029123,\"geoLocation\":\"12.69587,77.99544\",\"imageUrl\":\"no oper\", \"userName\":\"myname\", \"status\":\"reported\"}"
curl -XPOST http://192.168.99.100:9200/bangalore/issue/ -d "{\"title\":\"Hard Bump\",\"category\":\"Pothole\",\"timestamp\":1510250029124,\"geoLocation\":\"12.69604,77.99541\",\"imageUrl\":\"no oper\", \"userName\":\"myname\", \"status\":\"reported\"}"
curl -XPOST http://192.168.99.100:9200/bangalore/issue/ -d "{\"title\":\"Hard Bump\",\"category\":\"Pothole\",\"timestamp\":1510250029125,\"geoLocation\":\"12.69616,77.99539\",\"imageUrl\":\"no oper\", \"userName\":\"myname\", \"status\":\"reported\"}"
curl -XPOST http://192.168.99.100:9200/bangalore/issue/ -d "{\"title\":\"Hard Bump\",\"category\":\"Pothole\",\"timestamp\":1510250029126,\"geoLocation\":\"12.69632,77.99537\",\"imageUrl\":\"no oper\", \"userName\":\"myname\", \"status\":\"reported\"}"
curl -XPOST http://192.168.99.100:9200/bangalore/issue/ -d "{\"title\":\"Hard Bump\",\"category\":\"Pothole\",\"timestamp\":1510250029127,\"geoLocation\":\"12.69684,77.99529\",\"imageUrl\":\"no oper\", \"userName\":\"myname\", \"status\":\"reported\"}"
curl -XPOST http://192.168.99.100:9200/bangalore/issue/ -d "{\"title\":\"Hard Bump\",\"category\":\"Pothole\",\"timestamp\":1510250029128,\"geoLocation\":\"12.69719,77.99524\",\"imageUrl\":\"no oper\", \"userName\":\"myname\", \"status\":\"reported\"}"
curl -XPOST http://192.168.99.100:9200/bangalore/issue/ -d "{\"title\":\"Hard Bump\",\"category\":\"Pothole\",\"timestamp\":1510250029129,\"geoLocation\":\"12.69779,77.9951\",\"imageUrl\":\"no oper\", \"userName\":\"myname\", \"status\":\"reported\"}"
curl -XPOST http://192.168.99.100:9200/bangalore/issue/ -d "{\"title\":\"Hard Bump\",\"category\":\"Pothole\",\"timestamp\":1510250029130,\"geoLocation\":\"12.69802,77.99504\",\"imageUrl\":\"no oper\", \"userName\":\"myname\", \"status\":\"reported\"}"
curl -XPOST http://192.168.99.100:9200/bangalore/issue/ -d "{\"title\":\"Hard Bump\",\"category\":\"Pothole\",\"timestamp\":1510250029131,\"geoLocation\":\"12.69905,77.99469\",\"imageUrl\":\"no oper\", \"userName\":\"myname\", \"status\":\"reported\"}"
curl -XPOST http://192.168.99.100:9200/bangalore/issue/ -d "{\"title\":\"Hard Bump\",\"category\":\"Pothole\",\"timestamp\":1510250029132,\"geoLocation\":\"12.69911,77.99467\",\"imageUrl\":\"no oper\", \"userName\":\"myname\", \"status\":\"reported\"}"
curl -XPOST http://192.168.99.100:9200/bangalore/issue/ -d "{\"title\":\"Hard Bump\",\"category\":\"Pothole\",\"timestamp\":1510250029133,\"geoLocation\":\"12.70124,77.99413\",\"imageUrl\":\"no oper\", \"userName\":\"myname\", \"status\":\"reported\"}"
curl -XPOST http://192.168.99.100:9200/bangalore/issue/ -d "{\"title\":\"Hard Bump\",\"category\":\"Pothole\",\"timestamp\":1510250029134,\"geoLocation\":\"12.70147,77.99405\",\"imageUrl\":\"no oper\", \"userName\":\"myname\", \"status\":\"reported\"}"
curl -XPOST http://192.168.99.100:9200/bangalore/issue/ -d "{\"title\":\"Hard Bump\",\"category\":\"Pothole\",\"timestamp\":1510250029135,\"geoLocation\":\"12.70171,77.99399\",\"imageUrl\":\"no oper\", \"userName\":\"myname\", \"status\":\"reported\"}"
curl -XPOST http://192.168.99.100:9200/bangalore/issue/ -d "{\"title\":\"Hard Bump\",\"category\":\"Pothole\",\"timestamp\":1510250029136,\"geoLocation\":\"12.70198,77.99392\",\"imageUrl\":\"no oper\", \"userName\":\"myname\", \"status\":\"reported\"}"
curl -XPOST http://192.168.99.100:9200/bangalore/issue/ -d "{\"title\":\"Hard Bump\",\"category\":\"Pothole\",\"timestamp\":1510250029137,\"geoLocation\":\"12.70206,77.99391\",\"imageUrl\":\"no oper\", \"userName\":\"myname\", \"status\":\"reported\"}"
curl -XPOST http://192.168.99.100:9200/bangalore/issue/ -d "{\"title\":\"Hard Bump\",\"category\":\"Pothole\",\"timestamp\":1510250029138,\"geoLocation\":\"12.70266,77.99375\",\"imageUrl\":\"no oper\", \"userName\":\"myname\", \"status\":\"reported\"}"
curl -XPOST http://192.168.99.100:9200/bangalore/issue/ -d "{\"title\":\"Hard Bump\",\"category\":\"Pothole\",\"timestamp\":1510250029139,\"geoLocation\":\"12.70338,77.99359\",\"imageUrl\":\"no oper\", \"userName\":\"myname\", \"status\":\"reported\"}"
curl -XPOST http://192.168.99.100:9200/bangalore/issue/ -d "{\"title\":\"Hard Bump\",\"category\":\"Pothole\",\"timestamp\":1510250029140,\"geoLocation\":\"12.7039,77.99344\",\"imageUrl\":\"no oper\", \"userName\":\"myname\", \"status\":\"reported\"}"
curl -XPOST http://192.168.99.100:9200/bangalore/issue/ -d "{\"title\":\"Hard Bump\",\"category\":\"Pothole\",\"timestamp\":1510250029141,\"geoLocation\":\"12.70445,77.99327\",\"imageUrl\":\"no oper\", \"userName\":\"myname\", \"status\":\"reported\"}"
curl -XPOST http://192.168.99.100:9200/bangalore/issue/ -d "{\"title\":\"Hard Bump\",\"category\":\"Pothole\",\"timestamp\":1510250029142,\"geoLocation\":\"12.70472,77.99319\",\"imageUrl\":\"no oper\", \"userName\":\"myname\", \"status\":\"reported\"}"
curl -XPOST http://192.168.99.100:9200/bangalore/issue/ -d "{\"title\":\"Hard Bump\",\"category\":\"Pothole\",\"timestamp\":1510250029143,\"geoLocation\":\"12.70494,77.99313\",\"imageUrl\":\"no oper\", \"userName\":\"myname\", \"status\":\"reported\"}"
curl -XPOST http://192.168.99.100:9200/bangalore/issue/ -d "{\"title\":\"Hard Bump\",\"category\":\"Pothole\",\"timestamp\":1510250029144,\"geoLocation\":\"12.70514,77.99309\",\"imageUrl\":\"no oper\", \"userName\":\"myname\", \"status\":\"reported\"}"
curl -XPOST http://192.168.99.100:9200/bangalore/issue/ -d "{\"title\":\"Hard Bump\",\"category\":\"Pothole\",\"timestamp\":1510250029145,\"geoLocation\":\"12.7054,77.99306\",\"imageUrl\":\"no oper\", \"userName\":\"myname\", \"status\":\"reported\"}"
curl -XPOST http://192.168.99.100:9200/bangalore/issue/ -d "{\"title\":\"Hard Bump\",\"category\":\"Pothole\",\"timestamp\":1510250029146,\"geoLocation\":\"12.70578,77.99303\",\"imageUrl\":\"no oper\", \"userName\":\"myname\", \"status\":\"reported\"}"
curl -XPOST http://192.168.99.100:9200/bangalore/issue/ -d "{\"title\":\"Hard Bump\",\"category\":\"Pothole\",\"timestamp\":1510250029147,\"geoLocation\":\"12.70587,77.99303\",\"imageUrl\":\"no oper\", \"userName\":\"myname\", \"status\":\"reported\"}"
curl -XPOST http://192.168.99.100:9200/bangalore/issue/ -d "{\"title\":\"Hard Bump\",\"category\":\"Pothole\",\"timestamp\":1510250029148,\"geoLocation\":\"12.70638,77.993\",\"imageUrl\":\"no oper\", \"userName\":\"myname\", \"status\":\"reported\"}"
curl -XPOST http://192.168.99.100:9200/bangalore/issue/ -d "{\"title\":\"Hard Bump\",\"category\":\"Pothole\",\"timestamp\":1510250029149,\"geoLocation\":\"12.70666,77.99299\",\"imageUrl\":\"no oper\", \"userName\":\"myname\", \"status\":\"reported\"}"
curl -XPOST http://192.168.99.100:9200/bangalore/issue/ -d "{\"title\":\"Hard Bump\",\"category\":\"Pothole\",\"timestamp\":1510250029150,\"geoLocation\":\"12.70692,77.99298\",\"imageUrl\":\"no oper\", \"userName\":\"myname\", \"status\":\"reported\"}"
curl -XPOST http://192.168.99.100:9200/bangalore/issue/ -d "{\"title\":\"Hard Bump\",\"category\":\"Pothole\",\"timestamp\":1510250029151,\"geoLocation\":\"12.70732,77.99296\",\"imageUrl\":\"no oper\", \"userName\":\"myname\", \"status\":\"reported\"}"
curl -XPOST http://192.168.99.100:9200/bangalore/issue/ -d "{\"title\":\"Hard Bump\",\"category\":\"Pothole\",\"timestamp\":1510250029152,\"geoLocation\":\"12.70747,77.99295\",\"imageUrl\":\"no oper\", \"userName\":\"myname\", \"status\":\"reported\"}"
curl -XPOST http://192.168.99.100:9200/bangalore/issue/ -d "{\"title\":\"Hard Bump\",\"category\":\"Pothole\",\"timestamp\":1510250029153,\"geoLocation\":\"12.70764,77.99294\",\"imageUrl\":\"no oper\", \"userName\":\"myname\", \"status\":\"reported\"}"
curl -XPOST http://192.168.99.100:9200/bangalore/issue/ -d "{\"title\":\"Hard Bump\",\"category\":\"Pothole\",\"timestamp\":1510250029154,\"geoLocation\":\"12.70852,77.99292\",\"imageUrl\":\"no oper\", \"userName\":\"myname\", \"status\":\"reported\"}"
curl -XPOST http://192.168.99.100:9200/bangalore/issue/ -d "{\"title\":\"Hard Bump\",\"category\":\"Pothole\",\"timestamp\":1510250029155,\"geoLocation\":\"12.70859,77.99291\",\"imageUrl\":\"no oper\", \"userName\":\"myname\", \"status\":\"reported\"}"
curl -XPOST http://192.168.99.100:9200/bangalore/issue/ -d "{\"title\":\"Hard Bump\",\"category\":\"Pothole\",\"timestamp\":1510250029156,\"geoLocation\":\"12.70897,77.99291\",\"imageUrl\":\"no oper\", \"userName\":\"myname\", \"status\":\"reported\"}"
curl -XPOST http://192.168.99.100:9200/bangalore/issue/ -d "{\"title\":\"Hard Bump\",\"category\":\"Pothole\",\"timestamp\":1510250029157,\"geoLocation\":\"12.70912,77.9929\",\"imageUrl\":\"no oper\", \"userName\":\"myname\", \"status\":\"reported\"}"
curl -XPOST http://192.168.99.100:9200/bangalore/issue/ -d "{\"title\":\"Hard Bump\",\"category\":\"Pothole\",\"timestamp\":1510250029158,\"geoLocation\":\"12.70962,77.99289\",\"imageUrl\":\"no oper\", \"userName\":\"myname\", \"status\":\"reported\"}"
curl -XPOST http://192.168.99.100:9200/bangalore/issue/ -d "{\"title\":\"Hard Bump\",\"category\":\"Pothole\",\"timestamp\":1510250029159,\"geoLocation\":\"12.7099,77.99289\",\"imageUrl\":\"no oper\", \"userName\":\"myname\", \"status\":\"reported\"}"
curl -XPOST http://192.168.99.100:9200/bangalore/issue/ -d "{\"title\":\"Hard Bump\",\"category\":\"Pothole\",\"timestamp\":1510250029160,\"geoLocation\":\"12.71041,77.99286\",\"imageUrl\":\"no oper\", \"userName\":\"myname\", \"status\":\"reported\"}"
curl -XPOST http://192.168.99.100:9200/bangalore/issue/ -d "{\"title\":\"Hard Bump\",\"category\":\"Pothole\",\"timestamp\":1510250029161,\"geoLocation\":\"12.71075,77.99283\",\"imageUrl\":\"no oper\", \"userName\":\"myname\", \"status\":\"reported\"}"
curl -XPOST http://192.168.99.100:9200/bangalore/issue/ -d "{\"title\":\"Hard Bump\",\"category\":\"Pothole\",\"timestamp\":1510250029162,\"geoLocation\":\"12.71106,77.99278\",\"imageUrl\":\"no oper\", \"userName\":\"myname\", \"status\":\"reported\"}"
curl -XPOST http://192.168.99.100:9200/bangalore/issue/ -d "{\"title\":\"Hard Bump\",\"category\":\"Pothole\",\"timestamp\":1510250029163,\"geoLocation\":\"12.71217,77.99251\",\"imageUrl\":\"no oper\", \"userName\":\"myname\", \"status\":\"reported\"}"
curl -XPOST http://192.168.99.100:9200/bangalore/issue/ -d "{\"title\":\"Hard Bump\",\"category\":\"Pothole\",\"timestamp\":1510250029164,\"geoLocation\":\"12.71294,77.99224\",\"imageUrl\":\"no oper\", \"userName\":\"myname\", \"status\":\"reported\"}"
curl -XPOST http://192.168.99.100:9200/bangalore/issue/ -d "{\"title\":\"Hard Bump\",\"category\":\"Pothole\",\"timestamp\":1510250029165,\"geoLocation\":\"12.71349,77.99204\",\"imageUrl\":\"no oper\", \"userName\":\"myname\", \"status\":\"reported\"}"
curl -XPOST http://192.168.99.100:9200/bangalore/issue/ -d "{\"title\":\"Hard Bump\",\"category\":\"Pothole\",\"timestamp\":1510250029166,\"geoLocation\":\"12.71363,77.99199\",\"imageUrl\":\"no oper\", \"userName\":\"myname\", \"status\":\"reported\"}"
curl -XPOST http://192.168.99.100:9200/bangalore/issue/ -d "{\"title\":\"Hard Bump\",\"category\":\"Pothole\",\"timestamp\":1510250029167,\"geoLocation\":\"12.71365,77.99198\",\"imageUrl\":\"no oper\", \"userName\":\"myname\", \"status\":\"reported\"}"
curl -XPOST http://192.168.99.100:9200/bangalore/issue/ -d "{\"title\":\"Hard Bump\",\"category\":\"Pothole\",\"timestamp\":1510250029168,\"geoLocation\":\"12.71399,77.99187\",\"imageUrl\":\"no oper\", \"userName\":\"myname\", \"status\":\"reported\"}"
curl -XPOST http://192.168.99.100:9200/bangalore/issue/ -d "{\"title\":\"Hard Bump\",\"category\":\"Pothole\",\"timestamp\":1510250029169,\"geoLocation\":\"12.71412,77.99184\",\"imageUrl\":\"no oper\", \"userName\":\"myname\", \"status\":\"reported\"}"
curl -XPOST http://192.168.99.100:9200/bangalore/issue/ -d "{\"title\":\"Hard Bump\",\"category\":\"Pothole\",\"timestamp\":1510250029170,\"geoLocation\":\"12.71421,77.99184\",\"imageUrl\":\"no oper\", \"userName\":\"myname\", \"status\":\"reported\"}"
curl -XPOST http://192.168.99.100:9200/bangalore/issue/ -d "{\"title\":\"Hard Bump\",\"category\":\"Pothole\",\"timestamp\":1510250029171,\"geoLocation\":\"12.71436,77.99184\",\"imageUrl\":\"no oper\", \"userName\":\"myname\", \"status\":\"reported\"}"
curl -XPOST http://192.168.99.100:9200/bangalore/issue/ -d "{\"title\":\"Hard Bump\",\"category\":\"Pothole\",\"timestamp\":1510250029172,\"geoLocation\":\"12.71461,77.99188\",\"imageUrl\":\"no oper\", \"userName\":\"myname\", \"status\":\"reported\"}"
curl -XPOST http://192.168.99.100:9200/bangalore/issue/ -d "{\"title\":\"Hard Bump\",\"category\":\"Pothole\",\"timestamp\":1510250029173,\"geoLocation\":\"12.71502,77.99197\",\"imageUrl\":\"no oper\", \"userName\":\"myname\", \"status\":\"reported\"}"
curl -XPOST http://192.168.99.100:9200/bangalore/issue/ -d "{\"title\":\"Hard Bump\",\"category\":\"Pothole\",\"timestamp\":1510250029174,\"geoLocation\":\"12.71587,77.99218\",\"imageUrl\":\"no oper\", \"userName\":\"myname\", \"status\":\"reported\"}"
curl -XPOST http://192.168.99.100:9200/bangalore/issue/ -d "{\"title\":\"Hard Bump\",\"category\":\"Pothole\",\"timestamp\":1510250029175,\"geoLocation\":\"12.71604,77.99224\",\"imageUrl\":\"no oper\", \"userName\":\"myname\", \"status\":\"reported\"}"
curl -XPOST http://192.168.99.100:9200/bangalore/issue/ -d "{\"title\":\"Hard Bump\",\"category\":\"Pothole\",\"timestamp\":1510250029176,\"geoLocation\":\"12.7162,77.99229\",\"imageUrl\":\"no oper\", \"userName\":\"myname\", \"status\":\"reported\"}"
curl -XPOST http://192.168.99.100:9200/bangalore/issue/ -d "{\"title\":\"Hard Bump\",\"category\":\"Pothole\",\"timestamp\":1510250029177,\"geoLocation\":\"12.71629,77.99229\",\"imageUrl\":\"no oper\", \"userName\":\"myname\", \"status\":\"reported\"}"
curl -XPOST http://192.168.99.100:9200/bangalore/issue/ -d "{\"title\":\"Hard Bump\",\"category\":\"Pothole\",\"timestamp\":1510250029178,\"geoLocation\":\"12.71653,77.99228\",\"imageUrl\":\"no oper\", \"userName\":\"myname\", \"status\":\"reported\"}"
curl -XPOST http://192.168.99.100:9200/bangalore/issue/ -d "{\"title\":\"Hard Bump\",\"category\":\"Pothole\",\"timestamp\":1510250029179,\"geoLocation\":\"12.71764,77.99224\",\"imageUrl\":\"no oper\", \"userName\":\"myname\", \"status\":\"reported\"}"
curl -XPOST http://192.168.99.100:9200/bangalore/issue/ -d "{\"title\":\"Hard Bump\",\"category\":\"Pothole\",\"timestamp\":1510250029180,\"geoLocation\":\"12.71778,77.99223\",\"imageUrl\":\"no oper\", \"userName\":\"myname\", \"status\":\"reported\"}"
curl -XPOST http://192.168.99.100:9200/bangalore/issue/ -d "{\"title\":\"Hard Bump\",\"category\":\"Pothole\",\"timestamp\":1510250029181,\"geoLocation\":\"12.71822,77.99223\",\"imageUrl\":\"no oper\", \"userName\":\"myname\", \"status\":\"reported\"}"
curl -XPOST http://192.168.99.100:9200/bangalore/issue/ -d "{\"title\":\"Hard Bump\",\"category\":\"Pothole\",\"timestamp\":1510250029182,\"geoLocation\":\"12.7185,77.99223\",\"imageUrl\":\"no oper\", \"userName\":\"myname\", \"status\":\"reported\"}"
curl -XPOST http://192.168.99.100:9200/bangalore/issue/ -d "{\"title\":\"Hard Bump\",\"category\":\"Pothole\",\"timestamp\":1510250029183,\"geoLocation\":\"12.71881,77.99225\",\"imageUrl\":\"no oper\", \"userName\":\"myname\", \"status\":\"reported\"}"
curl -XPOST http://192.168.99.100:9200/bangalore/issue/ -d "{\"title\":\"Hard Bump\",\"category\":\"Pothole\",\"timestamp\":1510250029184,\"geoLocation\":\"12.71919,77.99224\",\"imageUrl\":\"no oper\", \"userName\":\"myname\", \"status\":\"reported\"}"
curl -XPOST http://192.168.99.100:9200/bangalore/issue/ -d "{\"title\":\"Hard Bump\",\"category\":\"Pothole\",\"timestamp\":1510250029185,\"geoLocation\":\"12.7193,77.99223\",\"imageUrl\":\"no oper\", \"userName\":\"myname\", \"status\":\"reported\"}"
curl -XPOST http://192.168.99.100:9200/bangalore/issue/ -d "{\"title\":\"Hard Bump\",\"category\":\"Pothole\",\"timestamp\":1510250029186,\"geoLocation\":\"12.71944,77.99221\",\"imageUrl\":\"no oper\", \"userName\":\"myname\", \"status\":\"reported\"}"
curl -XPOST http://192.168.99.100:9200/bangalore/issue/ -d "{\"title\":\"Hard Bump\",\"category\":\"Pothole\",\"timestamp\":1510250029187,\"geoLocation\":\"12.71952,77.9922\",\"imageUrl\":\"no oper\", \"userName\":\"myname\", \"status\":\"reported\"}"
curl -XPOST http://192.168.99.100:9200/bangalore/issue/ -d "{\"title\":\"Hard Bump\",\"category\":\"Pothole\",\"timestamp\":1510250029188,\"geoLocation\":\"12.7196,77.99217\",\"imageUrl\":\"no oper\", \"userName\":\"myname\", \"status\":\"reported\"}"
curl -XPOST http://192.168.99.100:9200/bangalore/issue/ -d "{\"title\":\"Hard Bump\",\"category\":\"Pothole\",\"timestamp\":1510250029189,\"geoLocation\":\"12.71969,77.99213\",\"imageUrl\":\"no oper\", \"userName\":\"myname\", \"status\":\"reported\"}"
curl -XPOST http://192.168.99.100:9200/bangalore/issue/ -d "{\"title\":\"Hard Bump\",\"category\":\"Pothole\",\"timestamp\":1510250029190,\"geoLocation\":\"12.72013,77.9919\",\"imageUrl\":\"no oper\", \"userName\":\"myname\", \"status\":\"reported\"}"
curl -XPOST http://192.168.99.100:9200/bangalore/issue/ -d "{\"title\":\"Hard Bump\",\"category\":\"Pothole\",\"timestamp\":1510250029191,\"geoLocation\":\"12.72072,77.99155\",\"imageUrl\":\"no oper\", \"userName\":\"myname\", \"status\":\"reported\"}"
curl -XPOST http://192.168.99.100:9200/bangalore/issue/ -d "{\"title\":\"Hard Bump\",\"category\":\"Pothole\",\"timestamp\":1510250029192,\"geoLocation\":\"12.72106,77.99134\",\"imageUrl\":\"no oper\", \"userName\":\"myname\", \"status\":\"reported\"}"
curl -XPOST http://192.168.99.100:9200/bangalore/issue/ -d "{\"title\":\"Hard Bump\",\"category\":\"Pothole\",\"timestamp\":1510250029193,\"geoLocation\":\"12.7212,77.99125\",\"imageUrl\":\"no oper\", \"userName\":\"myname\", \"status\":\"reported\"}"
curl -XPOST http://192.168.99.100:9200/bangalore/issue/ -d "{\"title\":\"Hard Bump\",\"category\":\"Pothole\",\"timestamp\":1510250029194,\"geoLocation\":\"12.72182,77.99091\",\"imageUrl\":\"no oper\", \"userName\":\"myname\", \"status\":\"reported\"}"
curl -XPOST http://192.168.99.100:9200/bangalore/issue/ -d "{\"title\":\"Hard Bump\",\"category\":\"Pothole\",\"timestamp\":1510250029195,\"geoLocation\":\"12.72192,77.99087\",\"imageUrl\":\"no oper\", \"userName\":\"myname\", \"status\":\"reported\"}"
curl -XPOST http://192.168.99.100:9200/bangalore/issue/ -d "{\"title\":\"Hard Bump\",\"category\":\"Pothole\",\"timestamp\":1510250029196,\"geoLocation\":\"12.72206,77.99082\",\"imageUrl\":\"no oper\", \"userName\":\"myname\", \"status\":\"reported\"}"
curl -XPOST http://192.168.99.100:9200/bangalore/issue/ -d "{\"title\":\"Hard Bump\",\"category\":\"Pothole\",\"timestamp\":1510250029197,\"geoLocation\":\"12.7222,77.99078\",\"imageUrl\":\"no oper\", \"userName\":\"myname\", \"status\":\"reported\"}"
curl -XPOST http://192.168.99.100:9200/bangalore/issue/ -d "{\"title\":\"Hard Bump\",\"category\":\"Pothole\",\"timestamp\":1510250029198,\"geoLocation\":\"12.72242,77.99072\",\"imageUrl\":\"no oper\", \"userName\":\"myname\", \"status\":\"reported\"}"
curl -XPOST http://192.168.99.100:9200/bangalore/issue/ -d "{\"title\":\"Hard Bump\",\"category\":\"Pothole\",\"timestamp\":1510250029199,\"geoLocation\":\"12.72267,77.99065\",\"imageUrl\":\"no oper\", \"userName\":\"myname\", \"status\":\"reported\"}"
curl -XPOST http://192.168.99.100:9200/bangalore/issue/ -d "{\"title\":\"Hard Bump\",\"category\":\"Pothole\",\"timestamp\":1510250029200,\"geoLocation\":\"12.72285,77.9906\",\"imageUrl\":\"no oper\", \"userName\":\"myname\", \"status\":\"reported\"}"
curl -XPOST http://192.168.99.100:9200/bangalore/issue/ -d "{\"title\":\"Hard Bump\",\"category\":\"Pothole\",\"timestamp\":1510250029201,\"geoLocation\":\"12.72302,77.99055\",\"imageUrl\":\"no oper\", \"userName\":\"myname\", \"status\":\"reported\"}"
curl -XPOST http://192.168.99.100:9200/bangalore/issue/ -d "{\"title\":\"Hard Bump\",\"category\":\"Pothole\",\"timestamp\":1510250029202,\"geoLocation\":\"12.72346,77.99043\",\"imageUrl\":\"no oper\", \"userName\":\"myname\", \"status\":\"reported\"}"
curl -XPOST http://192.168.99.100:9200/bangalore/issue/ -d "{\"title\":\"Hard Bump\",\"category\":\"Pothole\",\"timestamp\":1510250029203,\"geoLocation\":\"12.72404,77.99026\",\"imageUrl\":\"no oper\", \"userName\":\"myname\", \"status\":\"reported\"}"
curl -XPOST http://192.168.99.100:9200/bangalore/issue/ -d "{\"title\":\"Hard Bump\",\"category\":\"Pothole\",\"timestamp\":1510250029204,\"geoLocation\":\"12.72405,77.99026\",\"imageUrl\":\"no oper\", \"userName\":\"myname\", \"status\":\"reported\"}"
curl -XPOST http://192.168.99.100:9200/bangalore/issue/ -d "{\"title\":\"Hard Bump\",\"category\":\"Pothole\",\"timestamp\":1510250029205,\"geoLocation\":\"12.72476,77.99005\",\"imageUrl\":\"no oper\", \"userName\":\"myname\", \"status\":\"reported\"}"
curl -XPOST http://192.168.99.100:9200/bangalore/issue/ -d "{\"title\":\"Hard Bump\",\"category\":\"Pothole\",\"timestamp\":1510250029206,\"geoLocation\":\"12.72496,77.98997\",\"imageUrl\":\"no oper\", \"userName\":\"myname\", \"status\":\"reported\"}"
curl -XPOST http://192.168.99.100:9200/bangalore/issue/ -d "{\"title\":\"Hard Bump\",\"category\":\"Pothole\",\"timestamp\":1510250029207,\"geoLocation\":\"12.72499,77.98995\",\"imageUrl\":\"no oper\", \"userName\":\"myname\", \"status\":\"reported\"}"
curl -XPOST http://192.168.99.100:9200/bangalore/issue/ -d "{\"title\":\"Hard Bump\",\"category\":\"Pothole\",\"timestamp\":1510250029208,\"geoLocation\":\"12.72524,77.98984\",\"imageUrl\":\"no oper\", \"userName\":\"myname\", \"status\":\"reported\"}"
curl -XPOST http://192.168.99.100:9200/bangalore/issue/ -d "{\"title\":\"Hard Bump\",\"category\":\"Pothole\",\"timestamp\":1510250029209,\"geoLocation\":\"12.72541,77.98974\",\"imageUrl\":\"no oper\", \"userName\":\"myname\", \"status\":\"reported\"}"
curl -XPOST http://192.168.99.100:9200/bangalore/issue/ -d "{\"title\":\"Hard Bump\",\"category\":\"Pothole\",\"timestamp\":1510250029210,\"geoLocation\":\"12.72563,77.98959\",\"imageUrl\":\"no oper\", \"userName\":\"myname\", \"status\":\"reported\"}"
curl -XPOST http://192.168.99.100:9200/bangalore/issue/ -d "{\"title\":\"Hard Bump\",\"category\":\"Pothole\",\"timestamp\":1510250029211,\"geoLocation\":\"12.72598,77.98938\",\"imageUrl\":\"no oper\", \"userName\":\"myname\", \"status\":\"reported\"}"
curl -XPOST http://192.168.99.100:9200/bangalore/issue/ -d "{\"title\":\"Hard Bump\",\"category\":\"Pothole\",\"timestamp\":1510250029212,\"geoLocation\":\"12.7261,77.98932\",\"imageUrl\":\"no oper\", \"userName\":\"myname\", \"status\":\"reported\"}"
curl -XPOST http://192.168.99.100:9200/bangalore/issue/ -d "{\"title\":\"Hard Bump\",\"category\":\"Pothole\",\"timestamp\":1510250029213,\"geoLocation\":\"12.72622,77.98928\",\"imageUrl\":\"no oper\", \"userName\":\"myname\", \"status\":\"reported\"}"
curl -XPOST http://192.168.99.100:9200/bangalore/issue/ -d "{\"title\":\"Hard Bump\",\"category\":\"Pothole\",\"timestamp\":1510250029214,\"geoLocation\":\"12.72656,77.98919\",\"imageUrl\":\"no oper\", \"userName\":\"myname\", \"status\":\"reported\"}"
curl -XPOST http://192.168.99.100:9200/bangalore/issue/ -d "{\"title\":\"Hard Bump\",\"category\":\"Pothole\",\"timestamp\":1510250029215,\"geoLocation\":\"12.72678,77.98914\",\"imageUrl\":\"no oper\", \"userName\":\"myname\", \"status\":\"reported\"}"
curl -XPOST http://192.168.99.100:9200/bangalore/issue/ -d "{\"title\":\"Hard Bump\",\"category\":\"Pothole\",\"timestamp\":1510250029216,\"geoLocation\":\"12.72682,77.98913\",\"imageUrl\":\"no oper\", \"userName\":\"myname\", \"status\":\"reported\"}"
curl -XPOST http://192.168.99.100:9200/bangalore/issue/ -d "{\"title\":\"Hard Bump\",\"category\":\"Pothole\",\"timestamp\":1510250029217,\"geoLocation\":\"12.72719,77.98905\",\"imageUrl\":\"no oper\", \"userName\":\"myname\", \"status\":\"reported\"}"
curl -XPOST http://192.168.99.100:9200/bangalore/issue/ -d "{\"title\":\"Hard Bump\",\"category\":\"Pothole\",\"timestamp\":1510250029218,\"geoLocation\":\"12.72779,77.98892\",\"imageUrl\":\"no oper\", \"userName\":\"myname\", \"status\":\"reported\"}"
curl -XPOST http://192.168.99.100:9200/bangalore/issue/ -d "{\"title\":\"Hard Bump\",\"category\":\"Pothole\",\"timestamp\":1510250029219,\"geoLocation\":\"12.72864,77.98874\",\"imageUrl\":\"no oper\", \"userName\":\"myname\", \"status\":\"reported\"}"
curl -XPOST http://192.168.99.100:9200/bangalore/issue/ -d "{\"title\":\"Hard Bump\",\"category\":\"Pothole\",\"timestamp\":1510250029220,\"geoLocation\":\"12.72879,77.98871\",\"imageUrl\":\"no oper\", \"userName\":\"myname\", \"status\":\"reported\"}"
curl -XPOST http://192.168.99.100:9200/bangalore/issue/ -d "{\"title\":\"Hard Bump\",\"category\":\"Pothole\",\"timestamp\":1510250029221,\"geoLocation\":\"12.72918,77.98864\",\"imageUrl\":\"no oper\", \"userName\":\"myname\", \"status\":\"reported\"}"
curl -XPOST http://192.168.99.100:9200/bangalore/issue/ -d "{\"title\":\"Hard Bump\",\"category\":\"Pothole\",\"timestamp\":1510250029222,\"geoLocation\":\"12.72999,77.98849\",\"imageUrl\":\"no oper\", \"userName\":\"myname\", \"status\":\"reported\"}"
curl -XPOST http://192.168.99.100:9200/bangalore/issue/ -d "{\"title\":\"Hard Bump\",\"category\":\"Pothole\",\"timestamp\":1510250029223,\"geoLocation\":\"12.73043,77.9884\",\"imageUrl\":\"no oper\", \"userName\":\"myname\", \"status\":\"reported\"}"
curl -XPOST http://192.168.99.100:9200/bangalore/issue/ -d "{\"title\":\"Hard Bump\",\"category\":\"Pothole\",\"timestamp\":1510250029224,\"geoLocation\":\"12.73138,77.98828\",\"imageUrl\":\"no oper\", \"userName\":\"myname\", \"status\":\"reported\"}"
curl -XPOST http://192.168.99.100:9200/bangalore/issue/ -d "{\"title\":\"Hard Bump\",\"category\":\"Pothole\",\"timestamp\":1510250029225,\"geoLocation\":\"12.73149,77.98826\",\"imageUrl\":\"no oper\", \"userName\":\"myname\", \"status\":\"reported\"}"
curl -XPOST http://192.168.99.100:9200/bangalore/issue/ -d "{\"title\":\"Hard Bump\",\"category\":\"Pothole\",\"timestamp\":1510250029226,\"geoLocation\":\"12.73169,77.98824\",\"imageUrl\":\"no oper\", \"userName\":\"myname\", \"status\":\"reported\"}"
curl -XPOST http://192.168.99.100:9200/bangalore/issue/ -d "{\"title\":\"Hard Bump\",\"category\":\"Pothole\",\"timestamp\":1510250029227,\"geoLocation\":\"12.73178,77.98822\",\"imageUrl\":\"no oper\", \"userName\":\"myname\", \"status\":\"reported\"}"
curl -XPOST http://192.168.99.100:9200/bangalore/issue/ -d "{\"title\":\"Hard Bump\",\"category\":\"Pothole\",\"timestamp\":1510250029228,\"geoLocation\":\"12.73312,77.98801\",\"imageUrl\":\"no oper\", \"userName\":\"myname\", \"status\":\"reported\"}"
curl -XPOST http://192.168.99.100:9200/bangalore/issue/ -d "{\"title\":\"Hard Bump\",\"category\":\"Pothole\",\"timestamp\":1510250029229,\"geoLocation\":\"12.73368,77.98792\",\"imageUrl\":\"no oper\", \"userName\":\"myname\", \"status\":\"reported\"}"
curl -XPOST http://192.168.99.100:9200/bangalore/issue/ -d "{\"title\":\"Hard Bump\",\"category\":\"Pothole\",\"timestamp\":1510250029230,\"geoLocation\":\"12.73374,77.98791\",\"imageUrl\":\"no oper\", \"userName\":\"myname\", \"status\":\"reported\"}"
curl -XPOST http://192.168.99.100:9200/bangalore/issue/ -d "{\"title\":\"Hard Bump\",\"category\":\"Pothole\",\"timestamp\":1510250029231,\"geoLocation\":\"12.73438,77.98781\",\"imageUrl\":\"no oper\", \"userName\":\"myname\", \"status\":\"reported\"}"
curl -XPOST http://192.168.99.100:9200/bangalore/issue/ -d "{\"title\":\"Hard Bump\",\"category\":\"Pothole\",\"timestamp\":1510250029232,\"geoLocation\":\"12.73479,77.98776\",\"imageUrl\":\"no oper\", \"userName\":\"myname\", \"status\":\"reported\"}"
curl -XPOST http://192.168.99.100:9200/bangalore/issue/ -d "{\"title\":\"Hard Bump\",\"category\":\"Pothole\",\"timestamp\":1510250029233,\"geoLocation\":\"12.73531,77.98769\",\"imageUrl\":\"no oper\", \"userName\":\"myname\", \"status\":\"reported\"}"
curl -XPOST http://192.168.99.100:9200/bangalore/issue/ -d "{\"title\":\"Hard Bump\",\"category\":\"Pothole\",\"timestamp\":1510250029234,\"geoLocation\":\"12.73562,77.98766\",\"imageUrl\":\"no oper\", \"userName\":\"myname\", \"status\":\"reported\"}"
curl -XPOST http://192.168.99.100:9200/bangalore/issue/ -d "{\"title\":\"Hard Bump\",\"category\":\"Pothole\",\"timestamp\":1510250029235,\"geoLocation\":\"12.7358,77.98764\",\"imageUrl\":\"no oper\", \"userName\":\"myname\", \"status\":\"reported\"}"
curl -XPOST http://192.168.99.100:9200/bangalore/issue/ -d "{\"title\":\"Hard Bump\",\"category\":\"Pothole\",\"timestamp\":1510250029236,\"geoLocation\":\"12.73595,77.98764\",\"imageUrl\":\"no oper\", \"userName\":\"myname\", \"status\":\"reported\"}"
curl -XPOST http://192.168.99.100:9200/bangalore/issue/ -d "{\"title\":\"Hard Bump\",\"category\":\"Pothole\",\"timestamp\":1510250029237,\"geoLocation\":\"12.73631,77.98763\",\"imageUrl\":\"no oper\", \"userName\":\"myname\", \"status\":\"reported\"}"
curl -XPOST http://192.168.99.100:9200/bangalore/issue/ -d "{\"title\":\"Hard Bump\",\"category\":\"Pothole\",\"timestamp\":1510250029238,\"geoLocation\":\"12.73681,77.98761\",\"imageUrl\":\"no oper\", \"userName\":\"myname\", \"status\":\"reported\"}"
curl -XPOST http://192.168.99.100:9200/bangalore/issue/ -d "{\"title\":\"Hard Bump\",\"category\":\"Pothole\",\"timestamp\":1510250029239,\"geoLocation\":\"12.73716,77.98761\",\"imageUrl\":\"no oper\", \"userName\":\"myname\", \"status\":\"reported\"}"
curl -XPOST http://192.168.99.100:9200/bangalore/issue/ -d "{\"title\":\"Hard Bump\",\"category\":\"Pothole\",\"timestamp\":1510250029240,\"geoLocation\":\"12.73726,77.98761\",\"imageUrl\":\"no oper\", \"userName\":\"myname\", \"status\":\"reported\"}"
curl -XPOST http://192.168.99.100:9200/bangalore/issue/ -d "{\"title\":\"Hard Bump\",\"category\":\"Pothole\",\"timestamp\":1510250029241,\"geoLocation\":\"12.73775,77.98761\",\"imageUrl\":\"no oper\", \"userName\":\"myname\", \"status\":\"reported\"}"
curl -XPOST http://192.168.99.100:9200/bangalore/issue/ -d "{\"title\":\"Hard Bump\",\"category\":\"Pothole\",\"timestamp\":1510250029242,\"geoLocation\":\"12.73806,77.98761\",\"imageUrl\":\"no oper\", \"userName\":\"myname\", \"status\":\"reported\"}"
curl -XPOST http://192.168.99.100:9200/bangalore/issue/ -d "{\"title\":\"Hard Bump\",\"category\":\"Pothole\",\"timestamp\":1510250029243,\"geoLocation\":\"12.739,77.98763\",\"imageUrl\":\"no oper\", \"userName\":\"myname\", \"status\":\"reported\"}"
curl -XPOST http://192.168.99.100:9200/bangalore/issue/ -d "{\"title\":\"Hard Bump\",\"category\":\"Pothole\",\"timestamp\":1510250029244,\"geoLocation\":\"12.73986,77.98763\",\"imageUrl\":\"no oper\", \"userName\":\"myname\", \"status\":\"reported\"}"
curl -XPOST http://192.168.99.100:9200/bangalore/issue/ -d "{\"title\":\"Hard Bump\",\"category\":\"Pothole\",\"timestamp\":1510250029245,\"geoLocation\":\"12.74002,77.98763\",\"imageUrl\":\"no oper\", \"userName\":\"myname\", \"status\":\"reported\"}"
curl -XPOST http://192.168.99.100:9200/bangalore/issue/ -d "{\"title\":\"Hard Bump\",\"category\":\"Pothole\",\"timestamp\":1510250029246,\"geoLocation\":\"12.74009,77.98762\",\"imageUrl\":\"no oper\", \"userName\":\"myname\", \"status\":\"reported\"}"
curl -XPOST http://192.168.99.100:9200/bangalore/issue/ -d "{\"title\":\"Hard Bump\",\"category\":\"Pothole\",\"timestamp\":1510250029247,\"geoLocation\":\"12.7402,77.9876\",\"imageUrl\":\"no oper\", \"userName\":\"myname\", \"status\":\"reported\"}"
curl -XPOST http://192.168.99.100:9200/bangalore/issue/ -d "{\"title\":\"Hard Bump\",\"category\":\"Pothole\",\"timestamp\":1510250029248,\"geoLocation\":\"12.74022,77.9876\",\"imageUrl\":\"no oper\", \"userName\":\"myname\", \"status\":\"reported\"}"
curl -XPOST http://192.168.99.100:9200/bangalore/issue/ -d "{\"title\":\"Hard Bump\",\"category\":\"Pothole\",\"timestamp\":1510250029249,\"geoLocation\":\"12.7407,77.9875\",\"imageUrl\":\"no oper\", \"userName\":\"myname\", \"status\":\"reported\"}"
curl -XPOST http://192.168.99.100:9200/bangalore/issue/ -d "{\"title\":\"Hard Bump\",\"category\":\"Pothole\",\"timestamp\":1510250029250,\"geoLocation\":\"12.74075,77.98749\",\"imageUrl\":\"no oper\", \"userName\":\"myname\", \"status\":\"reported\"}"
curl -XPOST http://192.168.99.100:9200/bangalore/issue/ -d "{\"title\":\"Hard Bump\",\"category\":\"Pothole\",\"timestamp\":1510250029251,\"geoLocation\":\"12.74173,77.98724\",\"imageUrl\":\"no oper\", \"userName\":\"myname\", \"status\":\"reported\"}"
curl -XPOST http://192.168.99.100:9200/bangalore/issue/ -d "{\"title\":\"Hard Bump\",\"category\":\"Pothole\",\"timestamp\":1510250029252,\"geoLocation\":\"12.74226,77.98711\",\"imageUrl\":\"no oper\", \"userName\":\"myname\", \"status\":\"reported\"}"
curl -XPOST http://192.168.99.100:9200/bangalore/issue/ -d "{\"title\":\"Hard Bump\",\"category\":\"Pothole\",\"timestamp\":1510250029253,\"geoLocation\":\"12.74266,77.98699\",\"imageUrl\":\"no oper\", \"userName\":\"myname\", \"status\":\"reported\"}"
curl -XPOST http://192.168.99.100:9200/bangalore/issue/ -d "{\"title\":\"Hard Bump\",\"category\":\"Pothole\",\"timestamp\":1510250029254,\"geoLocation\":\"12.74284,77.98694\",\"imageUrl\":\"no oper\", \"userName\":\"myname\", \"status\":\"reported\"}"
curl -XPOST http://192.168.99.100:9200/bangalore/issue/ -d "{\"title\":\"Hard Bump\",\"category\":\"Pothole\",\"timestamp\":1510250029255,\"geoLocation\":\"12.74463,77.98651\",\"imageUrl\":\"no oper\", \"userName\":\"myname\", \"status\":\"reported\"}"
curl -XPOST http://192.168.99.100:9200/bangalore/issue/ -d "{\"title\":\"Hard Bump\",\"category\":\"Pothole\",\"timestamp\":1510250029256,\"geoLocation\":\"12.74479,77.98646\",\"imageUrl\":\"no oper\", \"userName\":\"myname\", \"status\":\"reported\"}"
curl -XPOST http://192.168.99.100:9200/bangalore/issue/ -d "{\"title\":\"Hard Bump\",\"category\":\"Pothole\",\"timestamp\":1510250029257,\"geoLocation\":\"12.74485,77.98644\",\"imageUrl\":\"no oper\", \"userName\":\"myname\", \"status\":\"reported\"}"
curl -XPOST http://192.168.99.100:9200/bangalore/issue/ -d "{\"title\":\"Hard Bump\",\"category\":\"Pothole\",\"timestamp\":1510250029258,\"geoLocation\":\"12.74526,77.98632\",\"imageUrl\":\"no oper\", \"userName\":\"myname\", \"status\":\"reported\"}"
curl -XPOST http://192.168.99.100:9200/bangalore/issue/ -d "{\"title\":\"Hard Bump\",\"category\":\"Pothole\",\"timestamp\":1510250029259,\"geoLocation\":\"12.74585,77.98614\",\"imageUrl\":\"no oper\", \"userName\":\"myname\", \"status\":\"reported\"}"
curl -XPOST http://192.168.99.100:9200/bangalore/issue/ -d "{\"title\":\"Hard Bump\",\"category\":\"Pothole\",\"timestamp\":1510250029260,\"geoLocation\":\"12.74656,77.98589\",\"imageUrl\":\"no oper\", \"userName\":\"myname\", \"status\":\"reported\"}"
curl -XPOST http://192.168.99.100:9200/bangalore/issue/ -d "{\"title\":\"Hard Bump\",\"category\":\"Pothole\",\"timestamp\":1510250029261,\"geoLocation\":\"12.74778,77.98541\",\"imageUrl\":\"no oper\", \"userName\":\"myname\", \"status\":\"reported\"}"
curl -XPOST http://192.168.99.100:9200/bangalore/issue/ -d "{\"title\":\"Hard Bump\",\"category\":\"Pothole\",\"timestamp\":1510250029262,\"geoLocation\":\"12.74937,77.98484\",\"imageUrl\":\"no oper\", \"userName\":\"myname\", \"status\":\"reported\"}"
curl -XPOST http://192.168.99.100:9200/bangalore/issue/ -d "{\"title\":\"Hard Bump\",\"category\":\"Pothole\",\"timestamp\":1510250029263,\"geoLocation\":\"12.75115,77.98424\",\"imageUrl\":\"no oper\", \"userName\":\"myname\", \"status\":\"reported\"}"
curl -XPOST http://192.168.99.100:9200/bangalore/issue/ -d "{\"title\":\"Hard Bump\",\"category\":\"Pothole\",\"timestamp\":1510250029264,\"geoLocation\":\"12.75242,77.98383\",\"imageUrl\":\"no oper\", \"userName\":\"myname\", \"status\":\"reported\"}"
curl -XPOST http://192.168.99.100:9200/bangalore/issue/ -d "{\"title\":\"Hard Bump\",\"category\":\"Pothole\",\"timestamp\":1510250029265,\"geoLocation\":\"12.7525,77.98382\",\"imageUrl\":\"no oper\", \"userName\":\"myname\", \"status\":\"reported\"}"
curl -XPOST http://192.168.99.100:9200/bangalore/issue/ -d "{\"title\":\"Hard Bump\",\"category\":\"Pothole\",\"timestamp\":1510250029266,\"geoLocation\":\"12.75248,77.98376\",\"imageUrl\":\"no oper\", \"userName\":\"myname\", \"status\":\"reported\"}"
curl -XPOST http://192.168.99.100:9200/bangalore/issue/ -d "{\"title\":\"Hard Bump\",\"category\":\"Pothole\",\"timestamp\":1510250029267,\"geoLocation\":\"12.75237,77.98346\",\"imageUrl\":\"no oper\", \"userName\":\"myname\", \"status\":\"reported\"}"
curl -XPOST http://192.168.99.100:9200/bangalore/issue/ -d "{\"title\":\"Hard Bump\",\"category\":\"Pothole\",\"timestamp\":1510250029268,\"geoLocation\":\"12.75234,77.98336\",\"imageUrl\":\"no oper\", \"userName\":\"myname\", \"status\":\"reported\"}"
curl -XPOST http://192.168.99.100:9200/bangalore/issue/ -d "{\"title\":\"Hard Bump\",\"category\":\"Pothole\",\"timestamp\":1510250029269,\"geoLocation\":\"12.75229,77.98319\",\"imageUrl\":\"no oper\", \"userName\":\"myname\", \"status\":\"reported\"}"
curl -XPOST http://192.168.99.100:9200/bangalore/issue/ -d "{\"title\":\"Hard Bump\",\"category\":\"Pothole\",\"timestamp\":1510250029270,\"geoLocation\":\"12.75224,77.98299\",\"imageUrl\":\"no oper\", \"userName\":\"myname\", \"status\":\"reported\"}"
curl -XPOST http://192.168.99.100:9200/bangalore/issue/ -d "{\"title\":\"Hard Bump\",\"category\":\"Pothole\",\"timestamp\":1510250029271,\"geoLocation\":\"12.75221,77.98286\",\"imageUrl\":\"no oper\", \"userName\":\"myname\", \"status\":\"reported\"}"
curl -XPOST http://192.168.99.100:9200/bangalore/issue/ -d "{\"title\":\"Hard Bump\",\"category\":\"Pothole\",\"timestamp\":1510250029272,\"geoLocation\":\"12.75218,77.98267\",\"imageUrl\":\"no oper\", \"userName\":\"myname\", \"status\":\"reported\"}"
curl -XPOST http://192.168.99.100:9200/bangalore/issue/ -d "{\"title\":\"Hard Bump\",\"category\":\"Pothole\",\"timestamp\":1510250029273,\"geoLocation\":\"12.75212,77.98238\",\"imageUrl\":\"no oper\", \"userName\":\"myname\", \"status\":\"reported\"}"
curl -XPOST http://192.168.99.100:9200/bangalore/issue/ -d "{\"title\":\"Hard Bump\",\"category\":\"Pothole\",\"timestamp\":1510250029274,\"geoLocation\":\"12.75205,77.98201\",\"imageUrl\":\"no oper\", \"userName\":\"myname\", \"status\":\"reported\"}"
curl -XPOST http://192.168.99.100:9200/bangalore/issue/ -d "{\"title\":\"Hard Bump\",\"category\":\"Pothole\",\"timestamp\":1510250029275,\"geoLocation\":\"12.75198,77.98168\",\"imageUrl\":\"no oper\", \"userName\":\"myname\", \"status\":\"reported\"}"
curl -XPOST http://192.168.99.100:9200/bangalore/issue/ -d "{\"title\":\"Hard Bump\",\"category\":\"Pothole\",\"timestamp\":1510250029276,\"geoLocation\":\"12.75188,77.98108\",\"imageUrl\":\"no oper\", \"userName\":\"myname\", \"status\":\"reported\"}"
curl -XPOST http://192.168.99.100:9200/bangalore/issue/ -d "{\"title\":\"Hard Bump\",\"category\":\"Pothole\",\"timestamp\":1510250029277,\"geoLocation\":\"12.7517,77.98007\",\"imageUrl\":\"no oper\", \"userName\":\"myname\", \"status\":\"reported\"}"
curl -XPOST http://192.168.99.100:9200/bangalore/issue/ -d "{\"title\":\"Hard Bump\",\"category\":\"Pothole\",\"timestamp\":1510250029278,\"geoLocation\":\"12.7517,77.98001\",\"imageUrl\":\"no oper\", \"userName\":\"myname\", \"status\":\"reported\"}"
curl -XPOST http://192.168.99.100:9200/bangalore/issue/ -d "{\"title\":\"Hard Bump\",\"category\":\"Pothole\",\"timestamp\":1510250029279,\"geoLocation\":\"12.75159,77.97946\",\"imageUrl\":\"no oper\", \"userName\":\"myname\", \"status\":\"reported\"}"
curl -XPOST http://192.168.99.100:9200/bangalore/issue/ -d "{\"title\":\"Hard Bump\",\"category\":\"Pothole\",\"timestamp\":1510250029280,\"geoLocation\":\"12.75141,77.97859\",\"imageUrl\":\"no oper\", \"userName\":\"myname\", \"status\":\"reported\"}"
curl -XPOST http://192.168.99.100:9200/bangalore/issue/ -d "{\"title\":\"Hard Bump\",\"category\":\"Pothole\",\"timestamp\":1510250029281,\"geoLocation\":\"12.75135,77.9783\",\"imageUrl\":\"no oper\", \"userName\":\"myname\", \"status\":\"reported\"}"
curl -XPOST http://192.168.99.100:9200/bangalore/issue/ -d "{\"title\":\"Hard Bump\",\"category\":\"Pothole\",\"timestamp\":1510250029282,\"geoLocation\":\"12.75115,77.97733\",\"imageUrl\":\"no oper\", \"userName\":\"myname\", \"status\":\"reported\"}"
curl -XPOST http://192.168.99.100:9200/bangalore/issue/ -d "{\"title\":\"Hard Bump\",\"category\":\"Pothole\",\"timestamp\":1510250029283,\"geoLocation\":\"12.75092,77.97628\",\"imageUrl\":\"no oper\", \"userName\":\"myname\", \"status\":\"reported\"}"
curl -XPOST http://192.168.99.100:9200/bangalore/issue/ -d "{\"title\":\"Hard Bump\",\"category\":\"Pothole\",\"timestamp\":1510250029284,\"geoLocation\":\"12.75077,77.97549\",\"imageUrl\":\"no oper\", \"userName\":\"myname\", \"status\":\"reported\"}"
curl -XPOST http://192.168.99.100:9200/bangalore/issue/ -d "{\"title\":\"Hard Bump\",\"category\":\"Pothole\",\"timestamp\":1510250029285,\"geoLocation\":\"12.75067,77.97497\",\"imageUrl\":\"no oper\", \"userName\":\"myname\", \"status\":\"reported\"}"
curl -XPOST http://192.168.99.100:9200/bangalore/issue/ -d "{\"title\":\"Hard Bump\",\"category\":\"Pothole\",\"timestamp\":1510250029286,\"geoLocation\":\"12.75064,77.97479\",\"imageUrl\":\"no oper\", \"userName\":\"myname\", \"status\":\"reported\"}"
curl -XPOST http://192.168.99.100:9200/bangalore/issue/ -d "{\"title\":\"Hard Bump\",\"category\":\"Pothole\",\"timestamp\":1510250029287,\"geoLocation\":\"12.7505,77.97391\",\"imageUrl\":\"no oper\", \"userName\":\"myname\", \"status\":\"reported\"}"
curl -XPOST http://192.168.99.100:9200/bangalore/issue/ -d "{\"title\":\"Hard Bump\",\"category\":\"Pothole\",\"timestamp\":1510250029288,\"geoLocation\":\"12.75045,77.97358\",\"imageUrl\":\"no oper\", \"userName\":\"myname\", \"status\":\"reported\"}"
curl -XPOST http://192.168.99.100:9200/bangalore/issue/ -d "{\"title\":\"Hard Bump\",\"category\":\"Pothole\",\"timestamp\":1510250029289,\"geoLocation\":\"12.75044,77.97348\",\"imageUrl\":\"no oper\", \"userName\":\"myname\", \"status\":\"reported\"}"
curl -XPOST http://192.168.99.100:9200/bangalore/issue/ -d "{\"title\":\"Hard Bump\",\"category\":\"Pothole\",\"timestamp\":1510250029290,\"geoLocation\":\"12.7504,77.97322\",\"imageUrl\":\"no oper\", \"userName\":\"myname\", \"status\":\"reported\"}"
curl -XPOST http://192.168.99.100:9200/bangalore/issue/ -d "{\"title\":\"Hard Bump\",\"category\":\"Pothole\",\"timestamp\":1510250029291,\"geoLocation\":\"12.75033,77.97264\",\"imageUrl\":\"no oper\", \"userName\":\"myname\", \"status\":\"reported\"}"
curl -XPOST http://192.168.99.100:9200/bangalore/issue/ -d "{\"title\":\"Hard Bump\",\"category\":\"Pothole\",\"timestamp\":1510250029292,\"geoLocation\":\"12.75032,77.97257\",\"imageUrl\":\"no oper\", \"userName\":\"myname\", \"status\":\"reported\"}"
curl -XPOST http://192.168.99.100:9200/bangalore/issue/ -d "{\"title\":\"Hard Bump\",\"category\":\"Pothole\",\"timestamp\":1510250029293,\"geoLocation\":\"12.75029,77.97223\",\"imageUrl\":\"no oper\", \"userName\":\"myname\", \"status\":\"reported\"}"
curl -XPOST http://192.168.99.100:9200/bangalore/issue/ -d "{\"title\":\"Hard Bump\",\"category\":\"Pothole\",\"timestamp\":1510250029294,\"geoLocation\":\"12.75017,77.97138\",\"imageUrl\":\"no oper\", \"userName\":\"myname\", \"status\":\"reported\"}"
curl -XPOST http://192.168.99.100:9200/bangalore/issue/ -d "{\"title\":\"Hard Bump\",\"category\":\"Pothole\",\"timestamp\":1510250029295,\"geoLocation\":\"12.75013,77.97103\",\"imageUrl\":\"no oper\", \"userName\":\"myname\", \"status\":\"reported\"}"
curl -XPOST http://192.168.99.100:9200/bangalore/issue/ -d "{\"title\":\"Hard Bump\",\"category\":\"Pothole\",\"timestamp\":1510250029296,\"geoLocation\":\"12.75013,77.97101\",\"imageUrl\":\"no oper\", \"userName\":\"myname\", \"status\":\"reported\"}"
curl -XPOST http://192.168.99.100:9200/bangalore/issue/ -d "{\"title\":\"Hard Bump\",\"category\":\"Pothole\",\"timestamp\":1510250029297,\"geoLocation\":\"12.7501,77.97079\",\"imageUrl\":\"no oper\", \"userName\":\"myname\", \"status\":\"reported\"}"
curl -XPOST http://192.168.99.100:9200/bangalore/issue/ -d "{\"title\":\"Hard Bump\",\"category\":\"Pothole\",\"timestamp\":1510250029298,\"geoLocation\":\"12.75004,77.97032\",\"imageUrl\":\"no oper\", \"userName\":\"myname\", \"status\":\"reported\"}"
curl -XPOST http://192.168.99.100:9200/bangalore/issue/ -d "{\"title\":\"Hard Bump\",\"category\":\"Pothole\",\"timestamp\":1510250029299,\"geoLocation\":\"12.75004,77.97029\",\"imageUrl\":\"no oper\", \"userName\":\"myname\", \"status\":\"reported\"}"
curl -XPOST http://192.168.99.100:9200/bangalore/issue/ -d "{\"title\":\"Hard Bump\",\"category\":\"Pothole\",\"timestamp\":1510250029300,\"geoLocation\":\"12.74999,77.96985\",\"imageUrl\":\"no oper\", \"userName\":\"myname\", \"status\":\"reported\"}"
curl -XPOST http://192.168.99.100:9200/bangalore/issue/ -d "{\"title\":\"Hard Bump\",\"category\":\"Pothole\",\"timestamp\":1510250029301,\"geoLocation\":\"12.74998,77.9698\",\"imageUrl\":\"no oper\", \"userName\":\"myname\", \"status\":\"reported\"}"
curl -XPOST http://192.168.99.100:9200/bangalore/issue/ -d "{\"title\":\"Hard Bump\",\"category\":\"Pothole\",\"timestamp\":1510250029302,\"geoLocation\":\"12.75003,77.97016\",\"imageUrl\":\"no oper\", \"userName\":\"myname\", \"status\":\"reported\"}"
